early_intervention_special_education:,'https://apply.pdx.edu/register/grad?sys:field:gr_acad_int=814ea4c5-7751-4a1f-b76d-96285194ac11','814ea4c5-7751-4a1f-b76d-96285194ac11',TRUE,
https://www.pdx.edu/education/added_elementary:,'https://apply.pdx.edu/register/grad?sys:field:gr_acad_int=79429fce-8a29-4c28-9963-7078c1ac4e02','79429fce-8a29-4c28-9963-7078c1ac4e02',TRUE,
https://www.pdx.edu/education/added_elementary:,'https://apply.pdx.edu/register/grad?sys:field:gr_acad_int=28bb5803-60e9-4fd6-a19e-0d1a0c18e481','28bb5803-60e9-4fd6-a19e-0d1a0c18e481',TRUE,Program Page in Progress
https://www.pdx.edu/education/added_elementary:,'https://apply.pdx.edu/register/grad?sys:field:gr_acad_int=bb364c0b-b422-4863-b966-e01640a6c456','bb364c0b-b422-4863-b966-e01640a6c456',TRUE,Program Page in Progress
https://www.pdx.edu/education/added_secondary:,'https://apply.pdx.edu/register/grad?sys:field:gr_acad_int=d5d302d2-89cd-4b1f-9684-c272e76a4149','d5d302d2-89cd-4b1f-9684-c272e76a4149',TRUE,
https://www.pdx.edu/education/addsped:,'https://apply.pdx.edu/register/grad?sys:field:gr_acad_int=1d469d3e-d2d4-4ea5-a929-d5177da17dba','1d469d3e-d2d4-4ea5-a929-d5177da17dba',TRUE,Program Page in Progress
https://www.pdx.edu/education/aba:,'https://apply.pdx.edu/register/grad?sys:field:gr_acad_int=d76024d1-fe9e-4175-a5b3-3def320e87f3','d76024d1-fe9e-4175-a5b3-3def320e87f3',TRUE,
https://www.pdx.edu/education/btp:,'https://apply.pdx.edu/register/grad?sys:field:gr_acad_int=a4b903f3-5396-4ee9-bb38-478157ee94a6','a4b903f3-5396-4ee9-bb38-478157ee94a6',TRUE,
counseling_clinical_mental_health:,'https://apply.pdx.edu/register/grad?sys:field:gr_acad_int=d490c591-94e3-4c24-b638-141ebc324c85','d490c591-94e3-4c24-b638-141ebc324c85',TRUE,
counseling_clinical_rehabilitation:,'https://apply.pdx.edu/register/grad?sys:field:gr_acad_int=d60795dc-29e4-4c9a-b5c0-f7fdbbe6296f','d60795dc-29e4-4c9a-b5c0-f7fdbbe6296f',TRUE,
counseling_marriage_couple_and_family_counseling:,'https://apply.pdx.edu/register/grad?sys:field:gr_acad_int=a258fb17-cbf6-48f4-b62e-a4d28ba38cbb','a258fb17-cbf6-48f4-b62e-a4d28ba38cbb',TRUE,
https://www.pdx.edu/education/school_counseling_licensure:,'https://apply.pdx.edu/register/grad?sys:field:gr_acad_int=8baded34-c091-4109-b6ec-a6af90de7af8','8baded34-c091-4109-b6ec-a6af90de7af8',TRUE,
Replaced by above ^:,'https://apply.pdx.edu/register/grad?sys:field:gr_acad_int=19fa97fd-0a15-4fcd-96c1-d68e2f31c158','19fa97fd-0a15-4fcd-96c1-d68e2f31c158',TRUE,
counseling_school_counseling:,'https://apply.pdx.edu/register/grad?sys:field:gr_acad_int=7110f5f9-2460-46cc-a199-5850595e5d8c','7110f5f9-2460-46cc-a199-5850595e5d8c',TRUE,
curriculum_and_instruction:,'https://apply.pdx.edu/register/grad?sys:field:gr_acad_int=4d49ae85-d711-46e1-8efa-99059ec9519e','4d49ae85-d711-46e1-8efa-99059ec9519e',TRUE,
curriculum_and_instruction:,'https://apply.pdx.edu/register/grad?sys:field:gr_acad_int=1d67e259-7baa-4ddd-b724-6a7f64969d4b','1d67e259-7baa-4ddd-b724-6a7f64969d4b',TRUE,
early_childhood_inclusive_education:,'https://apply.pdx.edu/register/grad?sys:field:gr_acad_int=969e2460-7fc3-4252-aafc-5f0746716a46','969e2460-7fc3-4252-aafc-5f0746716a46',TRUE,
early_childhood_inclusive_education:,'https://apply.pdx.edu/register/grad?sys:field:gr_acad_int=ef67e2f1-6529-47a7-b324-34dd8aa4d498','ef67e2f1-6529-47a7-b324-34dd8aa4d498',TRUE,
early_childhood_inclusive_education:,'https://apply.pdx.edu/register/grad?sys:field:gr_acad_int=88cb62f3-890b-4504-a44e-1f53d5b7626a','88cb62f3-890b-4504-a44e-1f53d5b7626a',TRUE,
early_childhood_inclusive_education:,'https://apply.pdx.edu/register/grad?sys:field:gr_acad_int=e7bc18ad-20c9-4124-b293-f478b9b56c6d','e7bc18ad-20c9-4124-b293-f478b9b56c6d',TRUE,
leadership_sustainability_education:,'https://apply.pdx.edu/register/grad?sys:field:gr_acad_int=91466c17-605a-461f-82bf-2b58f2e39c68','91466c17-605a-461f-82bf-2b58f2e39c68',TRUE,
postsecondary_adult_and_continuing_education_pace:,'https://apply.pdx.edu/register/grad?sys:field:gr_acad_int=6294dc9b-78b2-4d88-b98e-71f4396d3a3f','6294dc9b-78b2-4d88-b98e-71f4396d3a3f',TRUE,
https://www.pdx.edu/education/principal_license:,'https://apply.pdx.edu/register/grad?sys:field:gr_acad_int=d1aa11f6-a2d4-4cc5-a2b4-e55c38e3e6d2','d1aa11f6-a2d4-4cc5-a2b4-e55c38e3e6d2',TRUE,
https://www.pdx.edu/education/principal_license_plus:,'https://apply.pdx.edu/register/grad?sys:field:gr_acad_int=4e4be9d9-64ab-4e64-93df-40893741f66a','4e4be9d9-64ab-4e64-93df-40893741f66a',TRUE,
https://www.pdx.edu/education/professional_administrator:,'https://apply.pdx.edu/register/grad?sys:field:gr_acad_int=d81f9d2a-f203-4eb7-ab7b-443c77636d0e','d81f9d2a-f203-4eb7-ab7b-443c77636d0e',TRUE,
educational_leadership:,'https://apply.pdx.edu/register/grad?sys:field:gr_acad_int=f5749746-c37a-4bc1-911a-8214f8898089','f5749746-c37a-4bc1-911a-8214f8898089',TRUE,
educational_leadership:,'https://apply.pdx.edu/register/grad?sys:field:gr_acad_int=4e1198ec-4800-4790-973c-09f6f616b31e','4e1198ec-4800-4790-973c-09f6f616b31e',TRUE,
educational_leadership:,'https://apply.pdx.edu/register/grad?sys:field:gr_acad_int=5e6120f6-f873-479c-a0c7-00b626dead17','5e6120f6-f873-479c-a0c7-00b626dead17',TRUE,
educational_leadership:,'https://apply.pdx.edu/register/grad?sys:field:gr_acad_int=4154c35d-bce7-43b5-a667-e8c7362622af','4154c35d-bce7-43b5-a667-e8c7362622af',TRUE,
service_learning:,'https://apply.pdx.edu/register/grad?sys:field:gr_acad_int=371098da-8038-444d-a6a4-0a44b7cd8ab4','371098da-8038-444d-a6a4-0a44b7cd8ab4',TRUE,
student_affairs_higher_education:,'https://apply.pdx.edu/register/grad?sys:field:gr_acad_int=71101a95-310d-472d-bb23-cc318e653d70','71101a95-310d-472d-bb23-cc318e653d70',TRUE,
sustainable_food_systems:,'https://apply.pdx.edu/register/grad?sys:field:gr_acad_int=3b87d16b-afcd-4153-98dd-855ad7fd36b5','3b87d16b-afcd-4153-98dd-855ad7fd36b5',TRUE,
teaching_adult_learners:,'https://apply.pdx.edu/register/grad?sys:field:gr_acad_int=e095cbf7-3cab-40a8-82fa-9f651b39a9a3','e095cbf7-3cab-40a8-82fa-9f651b39a9a3',TRUE,
training_and_development:,'https://apply.pdx.edu/register/grad?sys:field:gr_acad_int=6af65391-1e2b-4b08-835d-29c5cf5fb1b8','6af65391-1e2b-4b08-835d-29c5cf5fb1b8',TRUE,
https://www.pdx.edu/education/:,'https://apply.pdx.edu/register/grad?sys:field:gr_acad_int=68c42b3d-126c-4b95-a72d-4fbd355b6ed1','68c42b3d-126c-4b95-a72d-4fbd355b6ed1',TRUE,
Replaced by LEEP.:,'https://apply.pdx.edu/register/grad?sys:field:gr_acad_int=26c8c5ed-1ef6-47f2-ba4c-f30fc1037753','26c8c5ed-1ef6-47f2-ba4c-f30fc1037753',TRUE,
graduate_teacher_education_program:,'https://apply.pdx.edu/register/grad?sys:field:gr_acad_int=d0fcd689-6011-47d8-b629-d543407bc843','d0fcd689-6011-47d8-b629-d543407bc843',TRUE,
infanttoddler_mental_health:,'https://apply.pdx.edu/register/grad?sys:field:gr_acad_int=334517d4-e1eb-404a-bb09-6d2e2e86cdf1','334517d4-e1eb-404a-bb09-6d2e2e86cdf1',TRUE,
https://www.pdx.edu/education/itep:,'https://apply.pdx.edu/register/grad?sys:field:gr_acad_int=39db7ae8-72dc-4d2f-abbb-013cc008946c','39db7ae8-72dc-4d2f-abbb-013cc008946c',TRUE,
https://www.pdx.edu/education/itep:,'https://apply.pdx.edu/register/grad?sys:field:gr_acad_int=2737c0c2-36f8-4e65-acf2-c378b860cdbd','2737c0c2-36f8-4e65-acf2-c378b860cdbd',TRUE,
https://www.pdx.edu/education/itep:,'https://apply.pdx.edu/register/grad?sys:field:gr_acad_int=8fb5e4bf-eb74-4b0a-aa92-f2f09794a067','8fb5e4bf-eb74-4b0a-aa92-f2f09794a067',TRUE,
https://www.pdx.edu/education/om:,'https://apply.pdx.edu/register/grad?sys:field:gr_acad_int=9486b978-7a2f-48c9-8081-d49743a1dfb5','9486b978-7a2f-48c9-8081-d49743a1dfb5',TRUE,
https://www.pdx.edu/education/readoregon:,'https://apply.pdx.edu/register/grad?sys:field:gr_acad_int=3207b7b6-fae7-42d0-9a44-35c32137b57f','3207b7b6-fae7-42d0-9a44-35c32137b57f',TRUE,
special_education:,'https://apply.pdx.edu/register/grad?sys:field:gr_acad_int=25a4a5fc-c1b8-42cb-8de0-7d71048e64f5','25a4a5fc-c1b8-42cb-8de0-7d71048e64f5',TRUE,
:,'https://apply.pdx.edu/register/grad?sys:field:gr_acad_int=c989d8e4-48b8-435b-a4be-e47103cf65e8','c989d8e4-48b8-435b-a4be-e47103cf65e8',TRUE,
:,'https://apply.pdx.edu/register/grad?sys:field:gr_acad_int=7945a12b-49ef-44db-826a-fd000a624b47','7945a12b-49ef-44db-826a-fd000a624b47',TRUE,
early_intervention_special_education:,'https://apply.pdx.edu/register/grad?sys:field:gr_acad_int=c355384e-7eb6-4985-b405-6e1c3f5e17c5','c355384e-7eb6-4985-b405-6e1c3f5e17c5',TRUE,
early_intervention_special_education:,'https://apply.pdx.edu/register/grad?sys:field:gr_acad_int=71a943f5-51bf-48e4-866e-9f21914a4152','71a943f5-51bf-48e4-866e-9f21914a4152',TRUE,
early_intervention_special_education:,'https://apply.pdx.edu/register/grad?sys:field:gr_acad_int=7b0c180b-7362-4846-8c48-2ceb28eed7c4','7b0c180b-7362-4846-8c48-2ceb28eed7c4',TRUE,
https://www.pdx.edu/education/ieep:,'https://apply.pdx.edu/register/grad?sys:field:gr_acad_int=d9c9e81a-f09a-4d94-8f49-fe8855a33aaf','d9c9e81a-f09a-4d94-8f49-fe8855a33aaf',TRUE,
https://www.pdx.edu/education/special_educator_license:,'https://apply.pdx.edu/register/grad?sys:field:gr_acad_int=bd97f2af-3722-4479-a8d6-4e52b9c01f4e','bd97f2af-3722-4479-a8d6-4e52b9c01f4e',TRUE,
https://www.pdx.edu/education/sdep:,'https://apply.pdx.edu/register/grad?sys:field:gr_acad_int=ed8bb171-0129-4516-97dc-bf834565a7b7','ed8bb171-0129-4516-97dc-bf834565a7b7',TRUE,
https://www.pdx.edu/education/vil:,'https://apply.pdx.edu/register/grad?sys:field:gr_acad_int=0cb399df-5580-469b-a671-029692dea6d1','0cb399df-5580-469b-a671-029692dea6d1',TRUE,
https://www.pdx.edu/education/vil:,'https://apply.pdx.edu/register/grad?sys:field:gr_acad_int=e69f8b34-2d0f-41a0-877f-a35870451ef0','e69f8b34-2d0f-41a0-877f-a35870451ef0',TRUE,
https://www.pdx.edu/education/vil:,'https://apply.pdx.edu/register/grad?sys:field:gr_acad_int=30488f82-d527-487e-8494-9deee1b049ca','30488f82-d527-487e-8494-9deee1b049ca',TRUE,
anthropology:,'https://apply.pdx.edu/register/grad?sys:field:gr_acad_int=bb594bd9-ef04-475c-855e-36e6e280585f','bb594bd9-ef04-475c-855e-36e6e280585f',FALSE,Default
anthropology:,'https://apply.pdx.edu/register/grad?sys:field:gr_acad_int=daf6e09d-bcb3-4c49-a9f6-6a049446a964','daf6e09d-bcb3-4c49-a9f6-6a049446a964',FALSE,
anthropology:,'https://apply.pdx.edu/register/grad?sys:field:gr_acad_int=2940aa39-82d6-4741-a739-d1af7803be28','2940aa39-82d6-4741-a739-d1af7803be28',FALSE,
applied_conflict_resolution:,'https://apply.pdx.edu/register/grad?sys:field:gr_acad_int=3857be32-3907-494f-b4e0-cf91318a90b5','3857be32-3907-494f-b4e0-cf91318a90b5',FALSE,3857be32-3907-494f-b4e0-cf91318a90b5
applied_geoscience:,'https://apply.pdx.edu/register/grad?sys:field:gr_acad_int=1b29a6c1-d51d-4299-851f-431dd83fe1f3','1b29a6c1-d51d-4299-851f-431dd83fe1f3',FALSE,1b29a6c1-d51d-4299-851f-431dd83fe1f3
applied_physics:,'https://apply.pdx.edu/register/grad?sys:field:gr_acad_int=092366d8-9591-443c-8ac0-6920a32424ef','092366d8-9591-443c-8ac0-6920a32424ef',FALSE,092366d8-9591-443c-8ac0-6920a32424ef
psychology:,'https://apply.pdx.edu/register/grad?sys:field:gr_acad_int=7a5f1339-3473-49af-9f48-373e0b0d69f7','7a5f1339-3473-49af-9f48-373e0b0d69f7',FALSE,7a5f1339-3473-49af-9f48-373e0b0d69f7
applied_statistics:,'https://apply.pdx.edu/register/grad?sys:field:gr_acad_int=bc40e0ff-9d2f-47b1-97de-84949e3abae0','bc40e0ff-9d2f-47b1-97de-84949e3abae0',TRUE,bc40e0ff-9d2f-47b1-97de-84949e3abae0
biology:,'https://apply.pdx.edu/register/grad?sys:field:gr_acad_int=d6e2bd98-0ff1-4268-bab5-b16eb105f415','d6e2bd98-0ff1-4268-bab5-b16eb105f415',FALSE,
biology:,'https://apply.pdx.edu/register/grad?sys:field:gr_acad_int=b111312f-1897-42a9-aeab-16d181e09b44','b111312f-1897-42a9-aeab-16d181e09b44',FALSE,
biology:,'https://apply.pdx.edu/register/grad?sys:field:gr_acad_int=68255286-2797-4c1d-9390-71ba2f33bd43','68255286-2797-4c1d-9390-71ba2f33bd43',FALSE,Default
biology:,'https://apply.pdx.edu/register/grad?sys:field:gr_acad_int=880585d3-fc4a-4ef6-b5ce-cb0f82f95c1b','880585d3-fc4a-4ef6-b5ce-cb0f82f95c1b',FALSE,
biology:,'https://apply.pdx.edu/register/grad?sys:field:gr_acad_int=ea3fd5a7-519e-47ce-9bda-a3ff8d0af931','ea3fd5a7-519e-47ce-9bda-a3ff8d0af931',FALSE,
chemistry:,'https://apply.pdx.edu/register/grad?sys:field:gr_acad_int=81acd014-7172-4bb6-8af3-346d14499af4','81acd014-7172-4bb6-8af3-346d14499af4',FALSE,Default
chemistry:,'https://apply.pdx.edu/register/grad?sys:field:gr_acad_int=1c54ba9a-d19b-48c1-ad1a-0d924653358d','1c54ba9a-d19b-48c1-ad1a-0d924653358d',FALSE,
chemistry:,'https://apply.pdx.edu/register/grad?sys:field:gr_acad_int=5a1e4cd0-0d21-4bc8-a59a-30e66f56e690','5a1e4cd0-0d21-4bc8-a59a-30e66f56e690',FALSE,
communication:,'https://apply.pdx.edu/register/grad?sys:field:gr_acad_int=2987446b-27a1-4f81-840e-4687f19d7581','2987446b-27a1-4f81-840e-4687f19d7581',FALSE,Default
communication:,'https://apply.pdx.edu/register/grad?sys:field:gr_acad_int=aef13d60-4637-4abd-a44e-a7a3a6901eae','aef13d60-4637-4abd-a44e-a7a3a6901eae',FALSE,
computational_intelligence:,'https://apply.pdx.edu/register/grad?sys:field:gr_acad_int=20b3095d-eb19-4e0e-b3af-3ac65a57cca7','20b3095d-eb19-4e0e-b3af-3ac65a57cca7',FALSE,20b3095d-eb19-4e0e-b3af-3ac65a57cca7
computer_modeling_and_simulation:,'https://apply.pdx.edu/register/grad?sys:field:gr_acad_int=84d61991-3625-4c52-9e56-dd4b576f60a2','84d61991-3625-4c52-9e56-dd4b576f60a2',FALSE,84d61991-3625-4c52-9e56-dd4b576f60a2
applied_conflict_resolution:,'https://apply.pdx.edu/register/grad?sys:field:gr_acad_int=1a0cd821-1b37-424d-a4ba-398fae25684b','1a0cd821-1b37-424d-a4ba-398fae25684b',FALSE,1a0cd821-1b37-424d-a4ba-398fae25684b
conflict_resolution:,'https://apply.pdx.edu/register/grad?sys:field:gr_acad_int=874b5560-65a5-45ad-9a8b-1acee906a448','874b5560-65a5-45ad-9a8b-1acee906a448',FALSE,Default
conflict_resolution:,'https://apply.pdx.edu/register/grad?sys:field:gr_acad_int=f3af73ab-51fa-4b16-8b71-94541133a424','f3af73ab-51fa-4b16-8b71-94541133a424',FALSE,
creative_writing:,'https://apply.pdx.edu/register/grad?sys:field:gr_acad_int=2ff26697-bd88-4db4-8341-d941f2e70deb','2ff26697-bd88-4db4-8341-d941f2e70deb',FALSE,Default
creative_writing:,'https://apply.pdx.edu/register/grad?sys:field:gr_acad_int=4f8bb51e-9b06-46a5-b314-002fc699f72b','4f8bb51e-9b06-46a5-b314-002fc699f72b',FALSE,
creative_writing:,'https://apply.pdx.edu/register/grad?sys:field:gr_acad_int=fdcc2a51-41ed-4fad-bbf6-91690056b7f7','fdcc2a51-41ed-4fad-bbf6-91690056b7f7',FALSE,
:,'https://apply.pdx.edu/register/grad?sys:field:gr_acad_int=d1565582-be9e-401b-913e-07193d98a766','d1565582-be9e-401b-913e-07193d98a766',TRUE,
earth_environment_and_society:,'https://apply.pdx.edu/register/grad?sys:field:gr_acad_int=87f00eba-a1d1-436c-af22-bd75f13e397e','87f00eba-a1d1-436c-af22-bd75f13e397e',FALSE,87f00eba-a1d1-436c-af22-bd75f13e397e
engineering_geology:,'https://apply.pdx.edu/register/grad?sys:field:gr_acad_int=7e1946de-89c1-48f8-8ec9-93d9651b61a0','7e1946de-89c1-48f8-8ec9-93d9651b61a0',FALSE,7e1946de-89c1-48f8-8ec9-93d9651b61a0
english:,'https://apply.pdx.edu/register/grad?sys:field:gr_acad_int=ca376eaf-5ffb-470d-9ab6-cbd6cef52b14','ca376eaf-5ffb-470d-9ab6-cbd6cef52b14',FALSE,ca376eaf-5ffb-470d-9ab6-cbd6cef52b14
:,'https://apply.pdx.edu/register/grad?sys:field:gr_acad_int=0007eb42-fa73-4130-8450-467466a367ee','0007eb42-fa73-4130-8450-467466a367ee',TRUE,
environmental_geology:,'https://apply.pdx.edu/register/grad?sys:field:gr_acad_int=1427493a-be47-4e2f-80c8-eede63eb6bda','1427493a-be47-4e2f-80c8-eede63eb6bda',FALSE,1427493a-be47-4e2f-80c8-eede63eb6bda
environmental_management:,'https://apply.pdx.edu/register/grad?sys:field:gr_acad_int=dc74f716-2956-476b-8f48-4e0d637aadd4','dc74f716-2956-476b-8f48-4e0d637aadd4',FALSE,dc74f716-2956-476b-8f48-4e0d637aadd4
environmental_science_and_management:,'https://apply.pdx.edu/register/grad?sys:field:gr_acad_int=ae55b258-c421-4d54-93d2-a7aa9841048e','ae55b258-c421-4d54-93d2-a7aa9841048e',FALSE,ae55b258-c421-4d54-93d2-a7aa9841048e
environmental_science_and_management_psm:,'https://apply.pdx.edu/register/grad?sys:field:gr_acad_int=7804bcce-01d3-4fd3-a1c6-fd40f099115a','7804bcce-01d3-4fd3-a1c6-fd40f099115a',FALSE,7804bcce-01d3-4fd3-a1c6-fd40f099115a
gender_race_and_nations:,'https://apply.pdx.edu/register/grad?sys:field:gr_acad_int=840b8788-6b1b-4a14-98c9-61b79e44a456','840b8788-6b1b-4a14-98c9-61b79e44a456',FALSE,840b8788-6b1b-4a14-98c9-61b79e44a456
geographic_information_systems:,'https://apply.pdx.edu/register/grad?sys:field:gr_acad_int=b52d426f-f6a0-4142-8056-ca2b7f2a907a','b52d426f-f6a0-4142-8056-ca2b7f2a907a',FALSE,b52d426f-f6a0-4142-8056-ca2b7f2a907a
geographic_information_science_gis:,'https://apply.pdx.edu/register/grad?sys:field:gr_acad_int=bbb2d17e-6eb8-460f-8091-638f6e089b8a','bbb2d17e-6eb8-460f-8091-638f6e089b8a',FALSE,bbb2d17e-6eb8-460f-8091-638f6e089b8a
geography:,'https://apply.pdx.edu/register/grad?sys:field:gr_acad_int=6f4293ed-bfcc-4398-b4df-592846b15e9d','6f4293ed-bfcc-4398-b4df-592846b15e9d',FALSE,Default
geography:,'https://apply.pdx.edu/register/grad?sys:field:gr_acad_int=e9b6cb36-fa2f-494a-82e9-e0639cc27e1a','e9b6cb36-fa2f-494a-82e9-e0639cc27e1a',FALSE,
geology:,'https://apply.pdx.edu/register/grad?sys:field:gr_acad_int=70184a2b-10fd-4d94-9255-694736cdaecd','70184a2b-10fd-4d94-9255-694736cdaecd',FALSE,Default
geology:,'https://apply.pdx.edu/register/grad?sys:field:gr_acad_int=fad2bbff-a1f9-4780-89f0-ed211b90fadc','fad2bbff-a1f9-4780-89f0-ed211b90fadc',FALSE,
geology:,'https://apply.pdx.edu/register/grad?sys:field:gr_acad_int=254ec7de-5329-43f1-b3f7-2fa49bb766d4','254ec7de-5329-43f1-b3f7-2fa49bb766d4',FALSE,
geology:,'https://apply.pdx.edu/register/grad?sys:field:gr_acad_int=4f84a664-c3f8-4df5-9c5b-09ed21bf67b8','4f84a664-c3f8-4df5-9c5b-09ed21bf67b8',FALSE,
geology:,'https://apply.pdx.edu/register/grad?sys:field:gr_acad_int=0abe480b-6b7b-46ee-a13a-e20d707f2e06','0abe480b-6b7b-46ee-a13a-e20d707f2e06',FALSE,
geology:,'https://apply.pdx.edu/register/grad?sys:field:gr_acad_int=a65f8807-c614-44e2-acc4-1b693428554f','a65f8807-c614-44e2-acc4-1b693428554f',FALSE,
history:,'https://apply.pdx.edu/register/grad?sys:field:gr_acad_int=80113c62-09ca-4760-949e-86161ec9c2aa','80113c62-09ca-4760-949e-86161ec9c2aa',FALSE,80113c62-09ca-4760-949e-86161ec9c2aa
holocaust_and_genocideatrocity_prevention:,'https://apply.pdx.edu/register/grad?sys:field:gr_acad_int=149037c7-fb7f-428f-ae3d-546447b47420','149037c7-fb7f-428f-ae3d-546447b47420',FALSE,149037c7-fb7f-428f-ae3d-546447b47420
hydrogeology:,'https://apply.pdx.edu/register/grad?sys:field:gr_acad_int=a4ce7170-e725-44ac-99ec-c8f13dbc90d2','a4ce7170-e725-44ac-99ec-c8f13dbc90d2',FALSE,a4ce7170-e725-44ac-99ec-c8f13dbc90d2
hydrology:,'https://apply.pdx.edu/register/grad?sys:field:gr_acad_int=b555d966-a409-4d23-b8d9-8d8a1354b3e9','b555d966-a409-4d23-b8d9-8d8a1354b3e9',FALSE,b555d966-a409-4d23-b8d9-8d8a1354b3e9
mathematical_sciences:,'https://apply.pdx.edu/register/grad?sys:field:gr_acad_int=eff9796f-a7a2-4f04-a39d-4f473b106e56','eff9796f-a7a2-4f04-a39d-4f473b106e56',FALSE,eff9796f-a7a2-4f04-a39d-4f473b106e56
mathematics_education:,'https://apply.pdx.edu/register/grad?sys:field:gr_acad_int=7dd403ce-10b4-49e0-95ca-886a6201612b','7dd403ce-10b4-49e0-95ca-886a6201612b',FALSE,7dd403ce-10b4-49e0-95ca-886a6201612b
mathematics_middle_school_teachers:,'https://apply.pdx.edu/register/grad?sys:field:gr_acad_int=943cb31b-a595-4b00-815d-baec94bf4626','943cb31b-a595-4b00-815d-baec94bf4626',FALSE,943cb31b-a595-4b00-815d-baec94bf4626
mathematics_teachers:,'https://apply.pdx.edu/register/grad?sys:field:gr_acad_int=842db130-7394-43cf-87e8-5fdbb19e3cba','842db130-7394-43cf-87e8-5fdbb19e3cba',FALSE,842db130-7394-43cf-87e8-5fdbb19e3cba
mathematics:,'https://apply.pdx.edu/register/grad?sys:field:gr_acad_int=b1586942-792b-4843-b3de-80294c25bb6b','b1586942-792b-4843-b3de-80294c25bb6b',FALSE,Default
mathematics:,'https://apply.pdx.edu/register/grad?sys:field:gr_acad_int=61e2ae52-2163-4a38-8ab6-2d96604754c0','61e2ae52-2163-4a38-8ab6-2d96604754c0',FALSE,
physics:,'https://apply.pdx.edu/register/grad?sys:field:gr_acad_int=750c8ed7-c147-4e05-b2ad-21236f704429','750c8ed7-c147-4e05-b2ad-21236f704429',FALSE,Default
physics:,'https://apply.pdx.edu/register/grad?sys:field:gr_acad_int=bf6c18b9-dc30-4681-88a9-0946f3ec3f5b','bf6c18b9-dc30-4681-88a9-0946f3ec3f5b',FALSE,
sociology:,'https://apply.pdx.edu/register/grad?sys:field:gr_acad_int=d40f7028-3eb2-4514-bb69-d23813df43a4','d40f7028-3eb2-4514-bb69-d23813df43a4',FALSE,Default
sociology:,'https://apply.pdx.edu/register/grad?sys:field:gr_acad_int=c20d8566-aa01-4aa6-a693-53f60c7d5b35','c20d8566-aa01-4aa6-a693-53f60c7d5b35',FALSE,
sociology:,'https://apply.pdx.edu/register/grad?sys:field:gr_acad_int=2d61f011-032d-45f1-b60e-2b39d11108e5','2d61f011-032d-45f1-b60e-2b39d11108e5',FALSE,
speech_and_hearing_sciences:,'https://apply.pdx.edu/register/grad?sys:field:gr_acad_int=235b5d40-95a7-40ef-8299-d98abb3b20b3','235b5d40-95a7-40ef-8299-d98abb3b20b3',FALSE,235b5d40-95a7-40ef-8299-d98abb3b20b3
statistics:,'https://apply.pdx.edu/register/grad?sys:field:gr_acad_int=e957da3c-a1d2-4b5d-853e-0a54e928df58','e957da3c-a1d2-4b5d-853e-0a54e928df58',FALSE,e957da3c-a1d2-4b5d-853e-0a54e928df58
systems_science:,'https://apply.pdx.edu/register/grad?sys:field:gr_acad_int=38433e77-07a3-4cc8-b74b-8fb16298a5ea','38433e77-07a3-4cc8-b74b-8fb16298a5ea',FALSE,Default
systems_science:,'https://apply.pdx.edu/register/grad?sys:field:gr_acad_int=5dbf1080-e0d2-4c3b-b25d-f20dc436ffea','5dbf1080-e0d2-4c3b-b25d-f20dc436ffea',FALSE,
teaching_english_speakers_other_languages:,'https://apply.pdx.edu/register/grad?sys:field:gr_acad_int=5cc27b82-629e-4d0c-917f-49754cd9947f','5cc27b82-629e-4d0c-917f-49754cd9947f',FALSE,5cc27b82-629e-4d0c-917f-49754cd9947f
world_languages_and_literature:,'https://apply.pdx.edu/register/grad?sys:field:gr_acad_int=d39ff7f0-871c-4dfd-b021-f1794734fad4','d39ff7f0-871c-4dfd-b021-f1794734fad4',FALSE,Default
world_languages_and_literature:,'https://apply.pdx.edu/register/grad?sys:field:gr_acad_int=a4049c54-7334-44b2-be70-cf7dae70f34a','a4049c54-7334-44b2-be70-cf7dae70f34a',FALSE,
world_languages_and_literature:,'https://apply.pdx.edu/register/grad?sys:field:gr_acad_int=0bf1a7c1-3025-44dc-abff-8b8a4c3679f2','0bf1a7c1-3025-44dc-abff-8b8a4c3679f2',FALSE,
world_languages_and_literature:,'https://apply.pdx.edu/register/grad?sys:field:gr_acad_int=d588ea13-716f-40b7-b79c-500c0ea58b19','d588ea13-716f-40b7-b79c-500c0ea58b19',FALSE,
book_publishing:,'https://apply.pdx.edu/register/grad?sys:field:gr_acad_int=ab8e0e6a-b1a0-4f88-a3e4-6c2a8aca1cf3','ab8e0e6a-b1a0-4f88-a3e4-6c2a8aca1cf3',FALSE,Default
book_publishing:,'https://apply.pdx.edu/register/grad?sys:field:gr_acad_int=d0be6273-7c15-499d-a8d5-0184f7f17ec1','d0be6273-7c15-499d-a8d5-0184f7f17ec1',FALSE,
professional_and_technical_writing:,'https://apply.pdx.edu/register/grad?sys:field:gr_acad_int=e56d82d3-d081-4247-964a-04e76e0df9d6','e56d82d3-d081-4247-964a-04e76e0df9d6',FALSE,
professional_and_technical_writing:,'https://apply.pdx.edu/register/grad?sys:field:gr_acad_int=b1a1fa46-26b6-4704-8185-7811f036bffa','b1a1fa46-26b6-4704-8185-7811f036bffa',FALSE,Default
architecture:,'https://apply.pdx.edu/register/grad?sys:field:gr_acad_int=ce3fbc1e-aef2-4bfa-8d81-31975f65c769','ce3fbc1e-aef2-4bfa-8d81-31975f65c769',FALSE,Default
architecture:,'https://apply.pdx.edu/register/grad?sys:field:gr_acad_int=0067902b-6424-477e-832a-2fa4cc908b95','0067902b-6424-477e-832a-2fa4cc908b95',FALSE,
contemporary_art_practice_art_and_social_practice:,'https://apply.pdx.edu/register/grad?sys:field:gr_acad_int=14d49405-1de5-46bd-b834-b9f0a55018ab','14d49405-1de5-46bd-b834-b9f0a55018ab',FALSE,14d49405-1de5-46bd-b834-b9f0a55018ab
music_jazz_studies:,'https://apply.pdx.edu/register/grad?sys:field:gr_acad_int=c0d6fbef-82af-42aa-9586-c5d01f306960','c0d6fbef-82af-42aa-9586-c5d01f306960',FALSE,c0d6fbef-82af-42aa-9586-c5d01f306960
music:,'https://apply.pdx.edu/register/grad?sys:field:gr_acad_int=c4c5b3c3-c0fb-4c9f-996e-78b7d5e42147','c4c5b3c3-c0fb-4c9f-996e-78b7d5e42147',FALSE,Default
music:,'https://apply.pdx.edu/register/grad?sys:field:gr_acad_int=72814ddd-4db8-4619-9e30-53c7c65008f2','72814ddd-4db8-4619-9e30-53c7c65008f2',FALSE,
:,'https://apply.pdx.edu/register/grad?sys:field:gr_acad_int=b70370e7-5cbe-4ab6-99b6-998e52cf04c3','b70370e7-5cbe-4ab6-99b6-998e52cf04c3',TRUE,
music_conducting:,'https://apply.pdx.edu/register/grad?sys:field:gr_acad_int=8658d0da-1b5b-4dba-8fe8-8806e599e1dc','8658d0da-1b5b-4dba-8fe8-8806e599e1dc',FALSE,8658d0da-1b5b-4dba-8fe8-8806e599e1dc
music_performance:,'https://apply.pdx.edu/register/grad?sys:field:gr_acad_int=db0eaef3-d48a-48e7-add3-4498031b8fcd','db0eaef3-d48a-48e7-add3-4498031b8fcd',FALSE,
music_performance:,'https://apply.pdx.edu/register/grad?sys:field:gr_acad_int=e2f7aa21-ce0a-41ed-80d3-e66b4d5ec243','e2f7aa21-ce0a-41ed-80d3-e66b4d5ec243',FALSE,Default
public_interest_design_certificate:,'https://apply.pdx.edu/register/grad?sys:field:gr_acad_int=d74c8b82-b7c7-45a0-9251-1caf231a57ff','d74c8b82-b7c7-45a0-9251-1caf231a57ff',FALSE,d74c8b82-b7c7-45a0-9251-1caf231a57ff
:,'https://apply.pdx.edu/register/grad?sys:field:gr_acad_int=4a4f47b2-0772-4c8e-be54-d3f3464e1f1b','4a4f47b2-0772-4c8e-be54-d3f3464e1f1b',TRUE,
:,'https://apply.pdx.edu/register/grad?sys:field:gr_acad_int=b970cef3-8bba-4c09-8231-be7852bb94d8','b970cef3-8bba-4c09-8231-be7852bb94d8',TRUE,
:,'https://apply.pdx.edu/register/grad?sys:field:gr_acad_int=958b1416-99d0-4595-93cf-3dd662e82846','958b1416-99d0-4595-93cf-3dd662e82846',TRUE,
:,'https://apply.pdx.edu/register/grad?sys:field:gr_acad_int=d946a35b-30f2-45c1-8052-6d09ca59890c','d946a35b-30f2-45c1-8052-6d09ca59890c',TRUE,
:,'https://apply.pdx.edu/register/grad?sys:field:gr_acad_int=54564133-5398-4af0-93b0-af59cde83974','54564133-5398-4af0-93b0-af59cde83974',TRUE,
:,'https://apply.pdx.edu/register/grad?sys:field:gr_acad_int=f50f2c8d-26e3-485f-bbbe-d66f03236eaa','f50f2c8d-26e3-485f-bbbe-d66f03236eaa',TRUE,
:,'https://apply.pdx.edu/register/grad?sys:field:gr_acad_int=fa3600b8-e09e-43e1-99e9-a3d93d127c21','fa3600b8-e09e-43e1-99e9-a3d93d127c21',TRUE,
:,'https://apply.pdx.edu/register/grad?sys:field:gr_acad_int=5c964bed-7720-40d1-86b6-733ae5c93aec','5c964bed-7720-40d1-86b6-733ae5c93aec',TRUE,
:,'https://apply.pdx.edu/register/grad?sys:field:gr_acad_int=8de0f99b-c097-4efc-800d-ddc0363bc41d','8de0f99b-c097-4efc-800d-ddc0363bc41d',TRUE,
:,'https://apply.pdx.edu/register/grad?sys:field:gr_acad_int=46b7ce6f-86a3-4203-b8de-3d61a0140a0c','46b7ce6f-86a3-4203-b8de-3d61a0140a0c',TRUE,
:,'https://apply.pdx.edu/register/grad?sys:field:gr_acad_int=52244f3c-1b07-47b6-b26e-01228b7446c5','52244f3c-1b07-47b6-b26e-01228b7446c5',TRUE,
:,'https://apply.pdx.edu/register/grad?sys:field:gr_acad_int=c3ed46b5-e026-43bc-9df6-cc8206ec4c10','c3ed46b5-e026-43bc-9df6-cc8206ec4c10',TRUE,
:,'https://apply.pdx.edu/register/grad?sys:field:gr_acad_int=067c1a92-941a-4faf-9563-5e4c3f040029','067c1a92-941a-4faf-9563-5e4c3f040029',TRUE,
:,'https://apply.pdx.edu/register/grad?sys:field:gr_acad_int=b5a98a33-b8d5-479a-a0d0-738687f59307','b5a98a33-b8d5-479a-a0d0-738687f59307',TRUE,
:,'https://apply.pdx.edu/register/grad?sys:field:gr_acad_int=a90f0a56-beb6-45aa-9e40-f2cae99816fe','a90f0a56-beb6-45aa-9e40-f2cae99816fe',TRUE,
:,'https://apply.pdx.edu/register/grad?sys:field:gr_acad_int=b6341ed4-82f6-4fed-8a84-4b6fd2222b50','b6341ed4-82f6-4fed-8a84-4b6fd2222b50',TRUE,
:,'https://apply.pdx.edu/register/grad?sys:field:gr_acad_int=9f02fee0-2f87-4fc7-98c5-d73113b562a4','9f02fee0-2f87-4fc7-98c5-d73113b562a4',TRUE,
:,'https://apply.pdx.edu/register/grad?sys:field:gr_acad_int=2fdacaab-c0d7-479d-a86d-efe81cea18aa','2fdacaab-c0d7-479d-a86d-efe81cea18aa',TRUE,
:,'https://apply.pdx.edu/register/grad?sys:field:gr_acad_int=2cdb56da-5e89-4cfc-af53-d56c697d5e8e','2cdb56da-5e89-4cfc-af53-d56c697d5e8e',TRUE,
:,'https://apply.pdx.edu/register/grad?sys:field:gr_acad_int=5f1c18c4-e6b2-4e86-88b7-09f60e208584','5f1c18c4-e6b2-4e86-88b7-09f60e208584',TRUE,
:,'https://apply.pdx.edu/register/grad?sys:field:gr_acad_int=0be38836-e096-4ee6-9b45-8435861b0317','0be38836-e096-4ee6-9b45-8435861b0317',TRUE,
:,'https://apply.pdx.edu/register/grad?sys:field:gr_acad_int=9ea9ccfd-dfbb-40f2-9e05-9022474aab38','9ea9ccfd-dfbb-40f2-9e05-9022474aab38',TRUE,
:,'https://apply.pdx.edu/register/grad?sys:field:gr_acad_int=ee3e9887-08b6-47c0-9cd4-fafa255898ac','ee3e9887-08b6-47c0-9cd4-fafa255898ac',TRUE,
:,'https://apply.pdx.edu/register/grad?sys:field:gr_acad_int=81bd1c4c-4e75-4337-8c70-625f43a13aa6','81bd1c4c-4e75-4337-8c70-625f43a13aa6',TRUE,
:,'https://apply.pdx.edu/register/grad?sys:field:gr_acad_int=218ee7f8-d6f9-4c14-9673-58a30cfce033','218ee7f8-d6f9-4c14-9673-58a30cfce033',TRUE,
:,'https://apply.pdx.edu/register/grad?sys:field:gr_acad_int=699d8d73-60ff-4515-a933-d34cdb245e18','699d8d73-60ff-4515-a933-d34cdb245e18',TRUE,
:,'https://apply.pdx.edu/register/grad?sys:field:gr_acad_int=b0d76a8b-db64-443a-8a49-911230b150b2','b0d76a8b-db64-443a-8a49-911230b150b2',TRUE,
sustainability_graduate_certificate:,'https://apply.pdx.edu/register/grad?sys:field:gr_acad_int=f1ea0688-0dc3-42b9-b3ae-af41a427bb70','f1ea0688-0dc3-42b9-b3ae-af41a427bb70',FALSE,f1ea0688-0dc3-42b9-b3ae-af41a427bb70
:,'https://apply.pdx.edu/register/grad?sys:field:gr_acad_int=3296a5ce-26e1-4997-a1c4-549bb1ebb3ec','3296a5ce-26e1-4997-a1c4-549bb1ebb3ec',TRUE,
:,'https://apply.pdx.edu/register/grad?sys:field:gr_acad_int=e064935c-09a5-4e2b-b974-2e7fcf4e976e','e064935c-09a5-4e2b-b974-2e7fcf4e976e',TRUE,
civil_and_environmental_engineering:,'https://apply.pdx.edu/register/grad?sys:field:gr_acad_int=ee05cf9f-f5be-40b4-ba4d-e06ac812d4e5','ee05cf9f-f5be-40b4-ba4d-e06ac812d4e5',FALSE,
civil_and_environmental_engineering:,'https://apply.pdx.edu/register/grad?sys:field:gr_acad_int=0eb46c8c-7750-46ec-8390-24ebeac48039','0eb46c8c-7750-46ec-8390-24ebeac48039',FALSE,Default
civil_and_environmental_engineering:,'https://apply.pdx.edu/register/grad?sys:field:gr_acad_int=06c97fd1-b180-4b64-949e-1c5d43edcaea','06c97fd1-b180-4b64-949e-1c5d43edcaea',FALSE,
computer_science:,'https://apply.pdx.edu/register/grad?sys:field:gr_acad_int=93c5db47-ec62-4949-ae34-8357910b8af4','93c5db47-ec62-4949-ae34-8357910b8af4',FALSE,Default
computer_science:,'https://apply.pdx.edu/register/grad?sys:field:gr_acad_int=aa5420fa-6739-4c6c-a601-6563550a7589','aa5420fa-6739-4c6c-a601-6563550a7589',FALSE,
electrical_and_computer_engineering:,'https://apply.pdx.edu/register/grad?sys:field:gr_acad_int=1527ea1a-f76e-4ed0-b21e-d235763c81e5','1527ea1a-f76e-4ed0-b21e-d235763c81e5',FALSE,Default
electrical_and_computer_engineering:,'https://apply.pdx.edu/register/grad?sys:field:gr_acad_int=a09c9174-a9a5-4c8e-908b-d6d0f3b1dab6','a09c9174-a9a5-4c8e-908b-d6d0f3b1dab6',FALSE,
electrical_and_computer_engineering:,'https://apply.pdx.edu/register/grad?sys:field:gr_acad_int=090954e6-0c94-4054-9804-0725612194b1','090954e6-0c94-4054-9804-0725612194b1',FALSE,
engineering_and_technology_management:,'https://apply.pdx.edu/register/grad?sys:field:gr_acad_int=30afbc2c-007c-4740-bde8-028354eecff1','30afbc2c-007c-4740-bde8-028354eecff1',FALSE,30afbc2c-007c-4740-bde8-028354eecff1
materials_science_and_engineering:,'https://apply.pdx.edu/register/grad?sys:field:gr_acad_int=5df82192-a342-4166-a1d9-d0fa04ae7419','5df82192-a342-4166-a1d9-d0fa04ae7419',FALSE,5df82192-a342-4166-a1d9-d0fa04ae7419
mechanical_engineering:,'https://apply.pdx.edu/register/grad?sys:field:gr_acad_int=839dbdbb-52dd-47e3-9dc9-ea181231a890','839dbdbb-52dd-47e3-9dc9-ea181231a890',FALSE,Default
mechanical_engineering:,'https://apply.pdx.edu/register/grad?sys:field:gr_acad_int=46836785-3e11-4d91-b1bb-643694b03869','46836785-3e11-4d91-b1bb-643694b03869',FALSE,
new_product_management:,'https://apply.pdx.edu/register/grad?sys:field:gr_acad_int=819a3461-9849-40f3-8a90-aa6837d80d84','819a3461-9849-40f3-8a90-aa6837d80d84',FALSE,819a3461-9849-40f3-8a90-aa6837d80d84
project_management:,'https://apply.pdx.edu/register/grad?sys:field:gr_acad_int=eae72795-cbfe-424c-a5de-7dd7ab6f70f6','eae72795-cbfe-424c-a5de-7dd7ab6f70f6',FALSE,eae72795-cbfe-424c-a5de-7dd7ab6f70f6
semiconductor_materials_and_manufacturing:,'https://apply.pdx.edu/register/grad?sys:field:gr_acad_int=14807d77-3bb5-447b-9098-98289c628887','14807d77-3bb5-447b-9098-98289c628887',FALSE,14807d77-3bb5-447b-9098-98289c628887
strategic_management_technology:,'https://apply.pdx.edu/register/grad?sys:field:gr_acad_int=d16c4d78-719c-4a07-9e26-94a90df5fd03','d16c4d78-719c-4a07-9e26-94a90df5fd03',FALSE,d16c4d78-719c-4a07-9e26-94a90df5fd03
systems_engineering_fundamentals_certificate:,'https://apply.pdx.edu/register/grad?sys:field:gr_acad_int=84cd8018-2193-4818-9c24-a58c8d917a0f','84cd8018-2193-4818-9c24-a58c8d917a0f',FALSE,84cd8018-2193-4818-9c24-a58c8d917a0f
:,'https://apply.pdx.edu/register/grad?sys:field:gr_acad_int=cc9ee66a-d225-4eee-9674-f795a6aef474','cc9ee66a-d225-4eee-9674-f795a6aef474',TRUE,
technological_entrepreneurship:,'https://apply.pdx.edu/register/grad?sys:field:gr_acad_int=06db9b48-cb03-42be-8632-503bd5129782','06db9b48-cb03-42be-8632-503bd5129782',FALSE,06db9b48-cb03-42be-8632-503bd5129782
technology_management:,'https://apply.pdx.edu/register/grad?sys:field:gr_acad_int=50330014-dcb1-4f1f-9886-e1ee8efe0694','50330014-dcb1-4f1f-9886-e1ee8efe0694',FALSE,50330014-dcb1-4f1f-9886-e1ee8efe0694
engineering_management_technology_management:,'https://apply.pdx.edu/register/grad?sys:field:gr_acad_int=0d61a107-4da7-46ef-9a40-f9c4b7b555a7','0d61a107-4da7-46ef-9a40-f9c4b7b555a7',FALSE,0d61a107-4da7-46ef-9a40-f9c4b7b555a7
social_work_and_social_research:,'https://apply.pdx.edu/register/grad?sys:field:gr_acad_int=6324beab-1052-4fb6-a168-e47ddf12e63b','6324beab-1052-4fb6-a168-e47ddf12e63b',FALSE,6324beab-1052-4fb6-a168-e47ddf12e63b
msw_social_work:,'https://apply.pdx.edu/register/grad?sys:field:gr_acad_int=2380da1e-5dbf-4dc5-9c51-c060426d9fa7','2380da1e-5dbf-4dc5-9c51-c060426d9fa7',FALSE,Default
msw_social_work:,'https://apply.pdx.edu/register/grad?sys:field:gr_acad_int=51bab01b-04a3-4bb9-8fbb-74eca87b5edc','51bab01b-04a3-4bb9-8fbb-74eca87b5edc',FALSE,
:,'https://apply.pdx.edu/register/grad?sys:field:gr_acad_int=ccbfd083-e22e-4bd3-acdf-d0267b8525af','ccbfd083-e22e-4bd3-acdf-d0267b8525af',TRUE,
:,'https://apply.pdx.edu/register/grad?sys:field:gr_acad_int=63526230-8a4b-429b-9cbb-579eb704cd57','63526230-8a4b-429b-9cbb-579eb704cd57',TRUE,
:,'https://apply.pdx.edu/register/grad?sys:field:gr_acad_int=e2d9356a-6b41-4a56-9737-7a961da589af','e2d9356a-6b41-4a56-9737-7a961da589af',TRUE,
:,'https://apply.pdx.edu/register/grad?sys:field:gr_acad_int=8e100401-1430-4188-bc5e-9e62f8282f34','8e100401-1430-4188-bc5e-9e62f8282f34',TRUE,
:,'https://apply.pdx.edu/register/grad?sys:field:gr_acad_int=699cece6-31df-4282-b712-ac061da49ea0','699cece6-31df-4282-b712-ac061da49ea0',TRUE,
:,'https://apply.pdx.edu/register/grad?sys:field:gr_acad_int=d111d472-3423-40f5-a0bb-7793e1448f2c','d111d472-3423-40f5-a0bb-7793e1448f2c',TRUE,
:,'https://apply.pdx.edu/register/grad?sys:field:gr_acad_int=2573818e-eb72-4972-bcfd-e466746e2a35','2573818e-eb72-4972-bcfd-e466746e2a35',TRUE,
:,'https://apply.pdx.edu/register/grad?sys:field:gr_acad_int=80e2d2bd-c261-4d6d-8752-51437fed4217','80e2d2bd-c261-4d6d-8752-51437fed4217',TRUE,
:,'https://apply.pdx.edu/register/grad?sys:field:gr_acad_int=fa1101fa-94b2-458b-b487-275e6e775281','fa1101fa-94b2-458b-b487-275e6e775281',TRUE,
:,'https://apply.pdx.edu/register/grad?sys:field:gr_acad_int=004fc812-3f6c-4008-94e1-ff208ff9606e','004fc812-3f6c-4008-94e1-ff208ff9606e',TRUE,
:,'https://apply.pdx.edu/register/grad?sys:field:gr_acad_int=77c222db-2a6a-4d15-a544-aa76b41d3a49','77c222db-2a6a-4d15-a544-aa76b41d3a49',TRUE,
:,'https://apply.pdx.edu/register/grad?sys:field:gr_acad_int=e09e3711-dc29-460f-be40-467be110682d','e09e3711-dc29-460f-be40-467be110682d',TRUE,
:,'https://apply.pdx.edu/register/grad?sys:field:gr_acad_int=acd7b6e7-b437-45b5-ac39-c9c139ea09eb','acd7b6e7-b437-45b5-ac39-c9c139ea09eb',TRUE,
:,'https://apply.pdx.edu/register/grad?sys:field:gr_acad_int=2dc2ddb8-07a6-475e-9280-4cb6fbff71ca','2dc2ddb8-07a6-475e-9280-4cb6fbff71ca',TRUE,
:,'https://apply.pdx.edu/register/grad?sys:field:gr_acad_int=907f573e-0e1f-40c6-a96c-b4c5a6cf7014','907f573e-0e1f-40c6-a96c-b4c5a6cf7014',TRUE,
:,'https://apply.pdx.edu/register/grad?sys:field:gr_acad_int=5ed778b0-6155-43b8-b673-7c9d3b8dbdcb','5ed778b0-6155-43b8-b673-7c9d3b8dbdcb',TRUE,
:,'https://apply.pdx.edu/register/grad?sys:field:gr_acad_int=b5b537b5-5e11-43c1-9642-bcd20660e27c','b5b537b5-5e11-43c1-9642-bcd20660e27c',TRUE,
:,'https://apply.pdx.edu/register/grad?sys:field:gr_acad_int=ef88a6b0-f2eb-4404-954c-7e04b6cedeb2','ef88a6b0-f2eb-4404-954c-7e04b6cedeb2',TRUE,
:,'https://apply.pdx.edu/register/grad?sys:field:gr_acad_int=2d4a0e5e-7059-4184-bdcc-a0486078690c','2d4a0e5e-7059-4184-bdcc-a0486078690c',TRUE,
:,'https://apply.pdx.edu/register/grad?sys:field:gr_acad_int=bd5a4b51-e0ab-4ed9-b5c3-7a767ee284d8','bd5a4b51-e0ab-4ed9-b5c3-7a767ee284d8',TRUE,
:,'https://apply.pdx.edu/register/grad?sys:field:gr_acad_int=b51c6987-8fdc-4e55-9f79-d2384d99ec02','b51c6987-8fdc-4e55-9f79-d2384d99ec02',TRUE,
:,'https://apply.pdx.edu/register/grad?sys:field:gr_acad_int=253c3b64-03ca-44cd-8b65-957eca6222f9','253c3b64-03ca-44cd-8b65-957eca6222f9',TRUE,
:,'https://apply.pdx.edu/register/grad?sys:field:gr_acad_int=c0f7b776-7364-4d13-805d-64ba773cf5d1','c0f7b776-7364-4d13-805d-64ba773cf5d1',TRUE,
:,'https://apply.pdx.edu/register/grad?sys:field:gr_acad_int=59f6501a-e997-47ef-9fd3-3d790f29a1cf','59f6501a-e997-47ef-9fd3-3d790f29a1cf',TRUE,
:,'https://apply.pdx.edu/register/grad?sys:field:gr_acad_int=daa1c5e2-f2ce-47e8-b5d5-b9bf246e1a6c','daa1c5e2-f2ce-47e8-b5d5-b9bf246e1a6c',TRUE,
:,'https://apply.pdx.edu/register/grad?sys:field:gr_acad_int=86a195dc-6175-4f57-a5a4-33ff114cde08','86a195dc-6175-4f57-a5a4-33ff114cde08',TRUE,
:,'https://apply.pdx.edu/register/grad?sys:field:gr_acad_int=65805f80-3d38-4af4-8190-7d873cdafeaa','65805f80-3d38-4af4-8190-7d873cdafeaa',TRUE,
:,'https://apply.pdx.edu/register/grad?sys:field:gr_acad_int=cb55f672-4c55-4ae7-ba9f-baaf8587c41b','cb55f672-4c55-4ae7-ba9f-baaf8587c41b',TRUE,
