20124,116,Springfield Pest,14,Ehrlich,iRIS,Clifton,VA,15318,yes
20192,116,Springfield Pest,14,Ehrlich,iRIS,Herndon,VA,0,yes
20195,116,Springfield Pest,14,Ehrlich,iRIS,Reston,VA,0,yes
20196,116,Springfield Pest,14,Ehrlich,iRIS,Reston,VA,0,yes
22003,116,Springfield Pest,14,Ehrlich,iRIS,Annandale,VA,60039,yes
22009,116,Springfield Pest,14,Ehrlich,iRIS,Burke,VA,0,yes
22015,116,Springfield Pest,14,Ehrlich,iRIS,Burke,VA,44918,yes
22025,116,Springfield Pest,14,Ehrlich,iRIS,Dumfries,VA,16774,yes
22030,116,Springfield Pest,14,Ehrlich,iRIS,Fairfax,VA,58759,yes
22031,116,Springfield Pest,14,Ehrlich,iRIS,Fairfax,VA,31890,yes
22032,116,Springfield Pest,14,Ehrlich,iRIS,Fairfax,VA,30392,yes
22035,116,Springfield Pest,14,Ehrlich,iRIS,Fairfax,VA,0,yes
22039,116,Springfield Pest,14,Ehrlich,iRIS,Fairfax Station,VA,17839,yes
22041,116,Springfield Pest,14,Ehrlich,iRIS,Falls Church,VA,28872,yes
22042,116,Springfield Pest,14,Ehrlich,iRIS,Falls Church,VA,34124,yes
22043,116,Springfield Pest,14,Ehrlich,iRIS,Falls Church,VA,25792,yes
22044,116,Springfield Pest,14,Ehrlich,iRIS,Falls Church,VA,13330,yes
22046,116,Springfield Pest,14,Ehrlich,iRIS,Falls Church,VA,17941,yes
22060,116,Springfield Pest,14,Ehrlich,iRIS,Fort Belvoir,VA,10099,yes
22079,116,Springfield Pest,14,Ehrlich,iRIS,Lorton,VA,34496,yes
22101,116,Springfield Pest,14,Ehrlich,iRIS,Mc Lean,VA,30238,yes
22107,116,Springfield Pest,14,Ehrlich,iRIS,Mc Lean,VA,0,yes
22108,116,Springfield Pest,14,Ehrlich,iRIS,Mc Lean,VA,0,yes
22109,116,Springfield Pest,14,Ehrlich,iRIS,Mc Lean,VA,0,yes
22121,116,Springfield Pest,14,Ehrlich,iRIS,Mount Vernon,VA,0,yes
22122,116,Springfield Pest,14,Ehrlich,iRIS,Newington,VA,0,yes
22125,116,Springfield Pest,14,Ehrlich,iRIS,Occoquan,VA,725,yes
22150,116,Springfield Pest,14,Ehrlich,iRIS,Springfield,VA,26853,yes
22151,116,Springfield Pest,14,Ehrlich,iRIS,Springfield,VA,17627,yes
22152,116,Springfield Pest,14,Ehrlich,iRIS,Springfield,VA,29331,yes
22153,116,Springfield Pest,14,Ehrlich,iRIS,Springfield,VA,31141,yes
22191,116,Springfield Pest,14,Ehrlich,iRIS,Woodbridge,VA,67276,yes
22192,116,Springfield Pest,14,Ehrlich,iRIS,Woodbridge,VA,57513,yes
22193,116,Springfield Pest,14,Ehrlich,iRIS,Woodbridge,VA,82290,yes
22201,116,Springfield Pest,14,Ehrlich,iRIS,Arlington,VA,36166,yes
22202,116,Springfield Pest,14,Ehrlich,iRIS,Arlington,VA,23379,yes
22203,116,Springfield Pest,14,Ehrlich,iRIS,Arlington,VA,22932,yes
22204,116,Springfield Pest,14,Ehrlich,iRIS,Arlington,VA,54046,yes
22205,116,Springfield Pest,14,Ehrlich,iRIS,Arlington,VA,19195,yes
22206,116,Springfield Pest,14,Ehrlich,iRIS,Arlington,VA,20677,yes
22207,116,Springfield Pest,14,Ehrlich,iRIS,Arlington,VA,33191,yes
22209,116,Springfield Pest,14,Ehrlich,iRIS,Arlington,VA,12392,yes
22211,116,Springfield Pest,14,Ehrlich,iRIS,Fort Myer,VA,1021,yes
22213,116,Springfield Pest,14,Ehrlich,iRIS,Arlington,VA,3575,yes
22301,116,Springfield Pest,14,Ehrlich,iRIS,Alexandria,VA,12156,yes
22302,116,Springfield Pest,14,Ehrlich,iRIS,Alexandria,VA,18818,yes
22303,116,Springfield Pest,14,Ehrlich,iRIS,Alexandria,VA,14499,yes
22304,116,Springfield Pest,14,Ehrlich,iRIS,Alexandria,VA,47576,yes
22305,116,Springfield Pest,14,Ehrlich,iRIS,Alexandria,VA,17965,yes
22306,116,Springfield Pest,14,Ehrlich,iRIS,Alexandria,VA,34271,yes
22307,116,Springfield Pest,14,Ehrlich,iRIS,Alexandria,VA,10126,yes
22308,116,Springfield Pest,14,Ehrlich,iRIS,Alexandria,VA,13453,yes
22309,116,Springfield Pest,14,Ehrlich,iRIS,Alexandria,VA,34882,yes
22310,116,Springfield Pest,14,Ehrlich,iRIS,Alexandria,VA,30889,yes
22311,116,Springfield Pest,14,Ehrlich,iRIS,Alexandria,VA,18035,yes
22312,116,Springfield Pest,14,Ehrlich,iRIS,Alexandria,VA,33915,yes
22314,116,Springfield Pest,14,Ehrlich,iRIS,Alexandria,VA,31442,yes
22315,116,Springfield Pest,14,Ehrlich,iRIS,Alexandria,VA,28173,yes
22350,116,Springfield Pest,14,Ehrlich,iRIS,Alexandria,VA,0,yes
22815,119,Lynchburg Pest,14,Ehrlich,iRIS,Broadway,VA,8583,yes
22840,119,Lynchburg Pest,14,Ehrlich,iRIS,Mc Gaheysville,VA,4562,yes
22911,119,Lynchburg Pest,14,Ehrlich,iRIS,Charlottesville,VA,17993,yes
23001,218,Virginia Beach A - Active Pest,14,Ehrlich,iRIS,Achilles,VA,0,yes
23003,218,Virginia Beach A - Active Pest,14,Ehrlich,iRIS,Ark,VA,0,yes
23011,218,Virginia Beach A - Active Pest,14,Ehrlich,iRIS,Barhamsville,VA,1603,yes
23018,218,Virginia Beach A - Active Pest,14,Ehrlich,iRIS,Bena,VA,0,yes
23031,218,Virginia Beach A - Active Pest,14,Ehrlich,iRIS,Christchurch,VA,0,yes
23035,218,Virginia Beach A - Active Pest,14,Ehrlich,iRIS,Cobbs Creek,VA,1232,yes
23043,218,Virginia Beach A - Active Pest,14,Ehrlich,iRIS,Deltaville,VA,1709,yes
23061,218,Virginia Beach A - Active Pest,14,Ehrlich,iRIS,Gloucester,VA,21284,yes
23062,218,Virginia Beach A - Active Pest,14,Ehrlich,iRIS,Gloucester Point,VA,2293,yes
23064,218,Virginia Beach A - Active Pest,14,Ehrlich,iRIS,Grimstead,VA,295,yes
23068,218,Virginia Beach A - Active Pest,14,Ehrlich,iRIS,Hallieford,VA,292,yes
23070,218,Virginia Beach A - Active Pest,14,Ehrlich,iRIS,Hardyville,VA,443,yes
23071,218,Virginia Beach A - Active Pest,14,Ehrlich,iRIS,Hartfield,VA,1580,yes
23072,218,Virginia Beach A - Active Pest,14,Ehrlich,iRIS,Hayes,VA,11599,yes
23081,218,Virginia Beach A - Active Pest,14,Ehrlich,iRIS,Jamestown,VA,0,yes
23089,218,Virginia Beach A - Active Pest,14,Ehrlich,iRIS,Lanexa,VA,5383,yes
23090,218,Virginia Beach A - Active Pest,14,Ehrlich,iRIS,Lightfoot,VA,0,yes
23092,218,Virginia Beach A - Active Pest,14,Ehrlich,iRIS,Locust Hill,VA,817,yes
23107,218,Virginia Beach A - Active Pest,14,Ehrlich,iRIS,Maryus,VA,0,yes
23109,218,Virginia Beach A - Active Pest,14,Ehrlich,iRIS,Mathews,VA,2315,yes
23110,218,Virginia Beach A - Active Pest,14,Ehrlich,iRIS,Mattaponi,VA,709,yes
23117,119,Lynchburg Pest,14,Ehrlich,iRIS,Mineral,VA,8829,yes
23127,218,Virginia Beach A - Active Pest,14,Ehrlich,iRIS,Norge,VA,0,yes
23128,218,Virginia Beach A - Active Pest,14,Ehrlich,iRIS,North,VA,1048,yes
23131,218,Virginia Beach A - Active Pest,14,Ehrlich,iRIS,Ordinary,VA,0,yes
23140,218,Virginia Beach A - Active Pest,14,Ehrlich,iRIS,Providence Forge,VA,6043,yes
23149,218,Virginia Beach A - Active Pest,14,Ehrlich,iRIS,Saluda,VA,3168,yes
23154,218,Virginia Beach A - Active Pest,14,Ehrlich,iRIS,Schley,VA,0,yes
23155,218,Virginia Beach A - Active Pest,14,Ehrlich,iRIS,Severn,VA,0,yes
23168,218,Virginia Beach A - Active Pest,14,Ehrlich,iRIS,Toano,VA,6757,yes
23169,218,Virginia Beach A - Active Pest,14,Ehrlich,iRIS,Topping,VA,1113,yes
23176,218,Virginia Beach A - Active Pest,14,Ehrlich,iRIS,Wake,VA,508,yes
23178,218,Virginia Beach A - Active Pest,14,Ehrlich,iRIS,Ware Neck,VA,0,yes
23181,218,Virginia Beach A - Active Pest,14,Ehrlich,iRIS,West Point,VA,5520,yes
23183,218,Virginia Beach A - Active Pest,14,Ehrlich,iRIS,White Marsh,VA,0,yes
23184,218,Virginia Beach A - Active Pest,14,Ehrlich,iRIS,Wicomico,VA,0,yes
23185,218,Virginia Beach A - Active Pest,14,Ehrlich,iRIS,Williamsburg,VA,48780,yes
23187,218,Virginia Beach A - Active Pest,14,Ehrlich,iRIS,Williamsburg,VA,242,yes
23188,218,Virginia Beach A - Active Pest,14,Ehrlich,iRIS,Williamsburg,VA,41415,yes
23190,218,Virginia Beach A - Active Pest,14,Ehrlich,iRIS,Woods Cross Roads,VA,0,yes
23273,218,Virginia Beach A - Active Pest,14,Ehrlich,iRIS,Henrico,VA,0,yes
23304,218,Virginia Beach A - Active Pest,14,Ehrlich,iRIS,Battery Park,VA,38,yes
23314,218,Virginia Beach A - Active Pest,14,Ehrlich,iRIS,Carrollton,VA,7609,yes
23315,218,Virginia Beach A - Active Pest,14,Ehrlich,iRIS,Carrsville,VA,1505,yes
23320,218,Virginia Beach A - Active Pest,14,Ehrlich,iRIS,Chesapeake,VA,55222,yes
23321,218,Virginia Beach A - Active Pest,14,Ehrlich,iRIS,Chesapeake,VA,34524,yes
23322,218,Virginia Beach A - Active Pest,14,Ehrlich,iRIS,Chesapeake,VA,63764,yes
23323,218,Virginia Beach A - Active Pest,14,Ehrlich,iRIS,Chesapeake,VA,38315,yes
23324,218,Virginia Beach A - Active Pest,14,Ehrlich,iRIS,Chesapeake,VA,23681,yes
23325,218,Virginia Beach A - Active Pest,14,Ehrlich,iRIS,Chesapeake,VA,17800,yes
23327,218,Virginia Beach A - Active Pest,14,Ehrlich,iRIS,Chesapeake,VA,0,yes
23328,218,Virginia Beach A - Active Pest,14,Ehrlich,iRIS,Chesapeake,VA,0,yes
23397,218,Virginia Beach A - Active Pest,14,Ehrlich,iRIS,Isle Of Wight,VA,0,yes
23424,218,Virginia Beach A - Active Pest,14,Ehrlich,iRIS,Rescue,VA,0,yes
23430,218,Virginia Beach A - Active Pest,14,Ehrlich,iRIS,Smithfield,VA,17866,yes
23431,218,Virginia Beach A - Active Pest,14,Ehrlich,iRIS,Smithfield,VA,0,yes
23432,218,Virginia Beach A - Active Pest,14,Ehrlich,iRIS,Suffolk,VA,1215,yes
23433,218,Virginia Beach A - Active Pest,14,Ehrlich,iRIS,Suffolk,VA,1170,yes
23434,218,Virginia Beach A - Active Pest,14,Ehrlich,iRIS,Suffolk,VA,49375,yes
23435,218,Virginia Beach A - Active Pest,14,Ehrlich,iRIS,Suffolk,VA,28222,yes
23436,218,Virginia Beach A - Active Pest,14,Ehrlich,iRIS,Suffolk,VA,988,yes
23437,218,Virginia Beach A - Active Pest,14,Ehrlich,iRIS,Suffolk,VA,4015,yes
23438,218,Virginia Beach A - Active Pest,14,Ehrlich,iRIS,Suffolk,VA,1997,yes
23439,218,Virginia Beach A - Active Pest,14,Ehrlich,iRIS,Suffolk,VA,0,yes
23450,218,Virginia Beach A - Active Pest,14,Ehrlich,iRIS,Virginia Beach,VA,0,yes
23451,218,Virginia Beach A - Active Pest,14,Ehrlich,iRIS,Virginia Beach,VA,43154,yes
23452,218,Virginia Beach A - Active Pest,14,Ehrlich,iRIS,Virginia Beach,VA,60415,yes
23453,218,Virginia Beach A - Active Pest,14,Ehrlich,iRIS,Virginia Beach,VA,36321,yes
23454,218,Virginia Beach A - Active Pest,14,Ehrlich,iRIS,Virginia Beach,VA,60390,yes
23455,218,Virginia Beach A - Active Pest,14,Ehrlich,iRIS,Virginia Beach,VA,50418,yes
23456,218,Virginia Beach A - Active Pest,14,Ehrlich,iRIS,Virginia Beach,VA,53258,yes
23457,218,Virginia Beach A - Active Pest,14,Ehrlich,iRIS,Virginia Beach,VA,4340,yes
23458,218,Virginia Beach A - Active Pest,14,Ehrlich,iRIS,Virginia Beach,VA,0,yes
23459,218,Virginia Beach A - Active Pest,14,Ehrlich,iRIS,Virginia Beach,VA,1141,yes
23460,218,Virginia Beach A - Active Pest,14,Ehrlich,iRIS,Virginia Beach,VA,1866,yes
23461,218,Virginia Beach A - Active Pest,14,Ehrlich,iRIS,Virginia Beach,VA,461,yes
23462,218,Virginia Beach A - Active Pest,14,Ehrlich,iRIS,Virginia Beach,VA,62326,yes
23464,218,Virginia Beach A - Active Pest,14,Ehrlich,iRIS,Virginia Beach,VA,75610,yes
23466,218,Virginia Beach A - Active Pest,14,Ehrlich,iRIS,Virginia Beach,VA,0,yes
23467,218,Virginia Beach A - Active Pest,14,Ehrlich,iRIS,Virginia Beach,VA,0,yes
23471,218,Virginia Beach A - Active Pest,14,Ehrlich,iRIS,Virginia Beach,VA,0,yes
23487,218,Virginia Beach A - Active Pest,14,Ehrlich,iRIS,Windsor,VA,6241,yes
23501,218,Virginia Beach A - Active Pest,14,Ehrlich,iRIS,Norfolk,VA,0,yes
23502,218,Virginia Beach A - Active Pest,14,Ehrlich,iRIS,Norfolk,VA,21319,yes
23503,218,Virginia Beach A - Active Pest,14,Ehrlich,iRIS,Norfolk,VA,32270,yes
23504,218,Virginia Beach A - Active Pest,14,Ehrlich,iRIS,Norfolk,VA,22934,yes
23505,218,Virginia Beach A - Active Pest,14,Ehrlich,iRIS,Norfolk,VA,30915,yes
23506,218,Virginia Beach A - Active Pest,14,Ehrlich,iRIS,Norfolk,VA,0,yes
23507,218,Virginia Beach A - Active Pest,14,Ehrlich,iRIS,Norfolk,VA,7263,yes
23508,218,Virginia Beach A - Active Pest,14,Ehrlich,iRIS,Norfolk,VA,21824,yes
23509,218,Virginia Beach A - Active Pest,14,Ehrlich,iRIS,Norfolk,VA,13339,yes
23510,218,Virginia Beach A - Active Pest,14,Ehrlich,iRIS,Norfolk,VA,7744,yes
23511,218,Virginia Beach A - Active Pest,14,Ehrlich,iRIS,Norfolk,VA,14110,yes
23513,218,Virginia Beach A - Active Pest,14,Ehrlich,iRIS,Norfolk,VA,30040,yes
23514,218,Virginia Beach A - Active Pest,14,Ehrlich,iRIS,Norfolk,VA,0,yes
23517,218,Virginia Beach A - Active Pest,14,Ehrlich,iRIS,Norfolk,VA,4434,yes
23518,218,Virginia Beach A - Active Pest,14,Ehrlich,iRIS,Norfolk,VA,30108,yes
23521,218,Virginia Beach A - Active Pest,14,Ehrlich,iRIS,Norfolk,VA,707,yes
23523,218,Virginia Beach A - Active Pest,14,Ehrlich,iRIS,Norfolk,VA,8623,yes
23541,218,Virginia Beach A - Active Pest,14,Ehrlich,iRIS,Norfolk,VA,0,yes
23551,218,Virginia Beach A - Active Pest,14,Ehrlich,iRIS,Norfolk,VA,801,yes
23601,218,Virginia Beach A - Active Pest,14,Ehrlich,iRIS,Newport News,VA,25538,yes
23602,218,Virginia Beach A - Active Pest,14,Ehrlich,iRIS,Newport News,VA,39836,yes
23603,218,Virginia Beach A - Active Pest,14,Ehrlich,iRIS,Newport News,VA,3787,yes
23604,218,Virginia Beach A - Active Pest,14,Ehrlich,iRIS,Fort Eustis,VA,6734,yes
23605,218,Virginia Beach A - Active Pest,14,Ehrlich,iRIS,Newport News,VA,13023,yes
23606,218,Virginia Beach A - Active Pest,14,Ehrlich,iRIS,Newport News,VA,30179,yes
23607,218,Virginia Beach A - Active Pest,14,Ehrlich,iRIS,Newport News,VA,22341,yes
23608,218,Virginia Beach A - Active Pest,14,Ehrlich,iRIS,Newport News,VA,43757,yes
23609,218,Virginia Beach A - Active Pest,14,Ehrlich,iRIS,Newport News,VA,0,yes
23630,218,Virginia Beach A - Active Pest,14,Ehrlich,iRIS,Hampton,VA,0,yes
23651,218,Virginia Beach A - Active Pest,14,Ehrlich,iRIS,Fort Monroe,VA,507,yes
23661,218,Virginia Beach A - Active Pest,14,Ehrlich,iRIS,Hampton,VA,13082,yes
23662,218,Virginia Beach A - Active Pest,14,Ehrlich,iRIS,Poquoson,VA,12017,yes
23663,218,Virginia Beach A - Active Pest,14,Ehrlich,iRIS,Hampton,VA,13841,yes
23664,218,Virginia Beach A - Active Pest,14,Ehrlich,iRIS,Hampton,VA,9830,yes
23665,218,Virginia Beach A - Active Pest,14,Ehrlich,iRIS,Hampton,VA,6128,yes
23666,218,Virginia Beach A - Active Pest,14,Ehrlich,iRIS,Hampton,VA,52207,yes
23667,218,Virginia Beach A - Active Pest,14,Ehrlich,iRIS,Hampton,VA,0,yes
23668,218,Virginia Beach A - Active Pest,14,Ehrlich,iRIS,Hampton,VA,0,yes
23669,218,Virginia Beach A - Active Pest,14,Ehrlich,iRIS,Hampton,VA,42261,yes
23670,218,Virginia Beach A - Active Pest,14,Ehrlich,iRIS,Hampton,VA,0,yes
23690,218,Virginia Beach A - Active Pest,14,Ehrlich,iRIS,Yorktown,VA,3654,yes
23691,218,Virginia Beach A - Active Pest,14,Ehrlich,iRIS,Yorktown,VA,134,yes
23692,218,Virginia Beach A - Active Pest,14,Ehrlich,iRIS,Yorktown,VA,18893,yes
23693,218,Virginia Beach A - Active Pest,14,Ehrlich,iRIS,Yorktown,VA,23420,yes
23694,218,Virginia Beach A - Active Pest,14,Ehrlich,iRIS,Lackey,VA,0,yes
23696,218,Virginia Beach A - Active Pest,14,Ehrlich,iRIS,Seaford,VA,3695,yes
23701,218,Virginia Beach A - Active Pest,14,Ehrlich,iRIS,Portsmouth,VA,22987,yes
23702,218,Virginia Beach A - Active Pest,14,Ehrlich,iRIS,Portsmouth,VA,11472,yes
23703,218,Virginia Beach A - Active Pest,14,Ehrlich,iRIS,Portsmouth,VA,27125,yes
23704,218,Virginia Beach A - Active Pest,14,Ehrlich,iRIS,Portsmouth,VA,18064,yes
23705,218,Virginia Beach A - Active Pest,14,Ehrlich,iRIS,Portsmouth,VA,0,yes
23707,218,Virginia Beach A - Active Pest,14,Ehrlich,iRIS,Portsmouth,VA,15586,yes
23708,218,Virginia Beach A - Active Pest,14,Ehrlich,iRIS,Portsmouth,VA,420,yes
23709,218,Virginia Beach A - Active Pest,14,Ehrlich,iRIS,Portsmouth,VA,417,yes
23837,218,Virginia Beach A - Active Pest,14,Ehrlich,iRIS,Courtland,VA,4806,yes
23839,218,Virginia Beach A - Active Pest,14,Ehrlich,iRIS,Dendron,VA,790,yes
23846,218,Virginia Beach A - Active Pest,14,Ehrlich,iRIS,Elberon,VA,849,yes
23851,218,Virginia Beach A - Active Pest,14,Ehrlich,iRIS,Franklin,VA,13357,yes
23866,218,Virginia Beach A - Active Pest,14,Ehrlich,iRIS,Ivor,VA,2091,yes
23878,218,Virginia Beach A - Active Pest,14,Ehrlich,iRIS,Sedley,VA,1295,yes
23883,218,Virginia Beach A - Active Pest,14,Ehrlich,iRIS,Surry,VA,2658,yes
23888,218,Virginia Beach A - Active Pest,14,Ehrlich,iRIS,Wakefield,VA,1937,yes
23890,218,Virginia Beach A - Active Pest,14,Ehrlich,iRIS,Waverly,VA,3138,yes
23898,218,Virginia Beach A - Active Pest,14,Ehrlich,iRIS,Zuni,VA,1748,yes
23899,218,Virginia Beach A - Active Pest,14,Ehrlich,iRIS,Claremont,VA,280,yes
23939,119,Lynchburg Pest,14,Ehrlich,iRIS,Evergreen,VA,0,yes
24001,119,Lynchburg Pest,14,Ehrlich,iRIS,Roanoke,VA,0,yes
24002,119,Lynchburg Pest,14,Ehrlich,iRIS,Roanoke,VA,0,yes
24003,119,Lynchburg Pest,14,Ehrlich,iRIS,Roanoke,VA,0,yes
24004,119,Lynchburg Pest,14,Ehrlich,iRIS,Roanoke,VA,0,yes
24005,119,Lynchburg Pest,14,Ehrlich,iRIS,Roanoke,VA,0,yes
24006,119,Lynchburg Pest,14,Ehrlich,iRIS,Roanoke,VA,0,yes
24007,119,Lynchburg Pest,14,Ehrlich,iRIS,Roanoke,VA,0,yes
24008,119,Lynchburg Pest,14,Ehrlich,iRIS,Roanoke,VA,0,yes
24009,119,Lynchburg Pest,14,Ehrlich,iRIS,Roanoke,VA,0,yes
24010,119,Lynchburg Pest,14,Ehrlich,iRIS,Roanoke,VA,0,yes
24013,119,Lynchburg Pest,14,Ehrlich,iRIS,Roanoke,VA,7789,yes
24022,119,Lynchburg Pest,14,Ehrlich,iRIS,Roanoke,VA,0,yes
24024,119,Lynchburg Pest,14,Ehrlich,iRIS,Roanoke,VA,0,yes
24025,119,Lynchburg Pest,14,Ehrlich,iRIS,Roanoke,VA,0,yes
24026,119,Lynchburg Pest,14,Ehrlich,iRIS,Roanoke,VA,0,yes
24027,119,Lynchburg Pest,14,Ehrlich,iRIS,Roanoke,VA,0,yes
24028,119,Lynchburg Pest,14,Ehrlich,iRIS,Roanoke,VA,0,yes
24029,119,Lynchburg Pest,14,Ehrlich,iRIS,Roanoke,VA,0,yes
24030,119,Lynchburg Pest,14,Ehrlich,iRIS,Roanoke,VA,0,yes
24031,119,Lynchburg Pest,14,Ehrlich,iRIS,Roanoke,VA,0,yes
24032,119,Lynchburg Pest,14,Ehrlich,iRIS,Roanoke,VA,0,yes
24033,119,Lynchburg Pest,14,Ehrlich,iRIS,Roanoke,VA,0,yes
24034,119,Lynchburg Pest,14,Ehrlich,iRIS,Roanoke,VA,0,yes
24035,119,Lynchburg Pest,14,Ehrlich,iRIS,Roanoke,VA,0,yes
24036,119,Lynchburg Pest,14,Ehrlich,iRIS,Roanoke,VA,0,yes
24037,119,Lynchburg Pest,14,Ehrlich,iRIS,Roanoke,VA,0,yes
24038,119,Lynchburg Pest,14,Ehrlich,iRIS,Roanoke,VA,0,yes
24045,410,Greensboro - Steritech,12,Ehrlich,iRIS,Roanoke,VA,0,yes
24054,119,Lynchburg Pest,14,Ehrlich,iRIS,Axton,VA,6687,yes
24055,410,Greensboro - Steritech,12,Ehrlich,iRIS,Bassett,VA,12629,yes
24058,119,Lynchburg Pest,14,Ehrlich,iRIS,Belspring,VA,173,yes
24062,119,Lynchburg Pest,14,Ehrlich,iRIS,Blacksburg,VA,0,yes
24088,119,Lynchburg Pest,14,Ehrlich,iRIS,Ferrum,VA,5178,yes
24112,410,Greensboro - Steritech,12,Ehrlich,iRIS,Martinsville,VA,31141,yes
24148,410,Greensboro - Steritech,12,Ehrlich,iRIS,Ridgeway,VA,7815,yes
24171,410,Greensboro - Steritech,12,Ehrlich,iRIS,Stuart,VA,8639,yes
24201,232,Knoxville Pest,14,Ehrlich,iRIS,Bristol,VA,16634,yes
24202,232,Knoxville Pest,14,Ehrlich,iRIS,Bristol,VA,12154,yes
24203,232,Knoxville Pest,14,Ehrlich,iRIS,Bristol,VA,0,yes
24205,232,Knoxville Pest,14,Ehrlich,iRIS,Bristol,VA,0,yes
24209,232,Knoxville Pest,14,Ehrlich,iRIS,Bristol,VA,0,yes
24212,232,Knoxville Pest,14,Ehrlich,iRIS,Abingdon,VA,0,yes
24215,232,Knoxville Pest,14,Ehrlich,iRIS,Andover,VA,0,yes
24216,232,Knoxville Pest,14,Ehrlich,iRIS,Appalachia,VA,2665,yes
24217,232,Knoxville Pest,14,Ehrlich,iRIS,Bee,VA,301,yes
24218,232,Knoxville Pest,14,Ehrlich,iRIS,Ben Hur,VA,0,yes
24219,232,Knoxville Pest,14,Ehrlich,iRIS,Big Stone Gap,VA,11171,yes
24220,232,Knoxville Pest,14,Ehrlich,iRIS,Birchleaf,VA,610,yes
24221,232,Knoxville Pest,14,Ehrlich,iRIS,Blackwater,VA,766,yes
24224,232,Knoxville Pest,14,Ehrlich,iRIS,Castlewood,VA,6215,yes
24225,232,Knoxville Pest,14,Ehrlich,iRIS,Cleveland,VA,1871,yes
24226,232,Knoxville Pest,14,Ehrlich,iRIS,Clinchco,VA,1462,yes
24228,232,Knoxville Pest,14,Ehrlich,iRIS,Clintwood,VA,6776,yes
24230,232,Knoxville Pest,14,Ehrlich,iRIS,Coeburn,VA,9053,yes
24237,232,Knoxville Pest,14,Ehrlich,iRIS,Dante,VA,1149,yes
24239,232,Knoxville Pest,14,Ehrlich,iRIS,Davenport,VA,167,yes
24243,232,Knoxville Pest,14,Ehrlich,iRIS,Dryden,VA,2255,yes
24244,232,Knoxville Pest,14,Ehrlich,iRIS,Duffield,VA,6176,yes
24245,232,Knoxville Pest,14,Ehrlich,iRIS,Dungannon,VA,908,yes
24246,232,Knoxville Pest,14,Ehrlich,iRIS,East Stone Gap,VA,431,yes
24248,232,Knoxville Pest,14,Ehrlich,iRIS,Ewing,VA,2570,yes
24250,232,Knoxville Pest,14,Ehrlich,iRIS,Fort Blackmore,VA,1489,yes
24251,232,Knoxville Pest,14,Ehrlich,iRIS,Gate City,VA,8371,yes
24256,232,Knoxville Pest,14,Ehrlich,iRIS,Haysi,VA,3523,yes
24258,232,Knoxville Pest,14,Ehrlich,iRIS,Hiltons,VA,1666,yes
24260,232,Knoxville Pest,14,Ehrlich,iRIS,Honaker,VA,5995,yes
24263,232,Knoxville Pest,14,Ehrlich,iRIS,Jonesville,VA,6237,yes
24265,232,Knoxville Pest,14,Ehrlich,iRIS,Keokee,VA,499,yes
24266,232,Knoxville Pest,14,Ehrlich,iRIS,Lebanon,VA,9101,yes
24269,232,Knoxville Pest,14,Ehrlich,iRIS,Mc Clure,VA,401,yes
24271,232,Knoxville Pest,14,Ehrlich,iRIS,Nickelsville,VA,2501,yes
24272,232,Knoxville Pest,14,Ehrlich,iRIS,Nora,VA,439,yes
24273,232,Knoxville Pest,14,Ehrlich,iRIS,Norton,VA,6660,yes
24277,232,Knoxville Pest,14,Ehrlich,iRIS,Pennington Gap,VA,6676,yes
24279,232,Knoxville Pest,14,Ehrlich,iRIS,Pound,VA,5320,yes
24280,232,Knoxville Pest,14,Ehrlich,iRIS,Rosedale,VA,825,yes
24281,232,Knoxville Pest,14,Ehrlich,iRIS,Rose Hill,VA,2861,yes
24282,232,Knoxville Pest,14,Ehrlich,iRIS,Saint Charles,VA,659,yes
24283,232,Knoxville Pest,14,Ehrlich,iRIS,Saint Paul,VA,1966,yes
24293,232,Knoxville Pest,14,Ehrlich,iRIS,Wise,VA,9953,yes
24333,410,Greensboro - Steritech,12,Ehrlich,iRIS,Galax,VA,17722,yes
24377,232,Knoxville Pest,14,Ehrlich,iRIS,Tannersville,VA,270,yes
24504,119,Lynchburg Pest,14,Ehrlich,iRIS,Lynchburg,VA,9593,yes
24531,410,Greensboro - Steritech,12,Ehrlich,iRIS,Chatham,VA,9120,yes
24540,410,Greensboro - Steritech,12,Ehrlich,iRIS,Danville,VA,31881,yes
24541,410,Greensboro - Steritech,12,Ehrlich,iRIS,Danville,VA,27541,yes
24586,410,Greensboro - Steritech,12,Ehrlich,iRIS,Ringgold,VA,5721,yes
24601,232,Knoxville Pest,14,Ehrlich,iRIS,Amonate,VA,65,yes
24602,232,Knoxville Pest,14,Ehrlich,iRIS,Bandy,VA,1229,yes
24603,119,Lynchburg Pest,14,Ehrlich,iRIS,Big Rock,VA,939,yes
24606,232,Knoxville Pest,14,Ehrlich,iRIS,Boissevain,VA,128,yes
24607,232,Knoxville Pest,14,Ehrlich,iRIS,Breaks,VA,469,yes
24608,232,Knoxville Pest,14,Ehrlich,iRIS,Burkes Garden,VA,0,yes
24609,232,Knoxville Pest,14,Ehrlich,iRIS,Cedar Bluff,VA,6819,yes
24612,232,Knoxville Pest,14,Ehrlich,iRIS,Doran,VA,180,yes
24613,232,Knoxville Pest,14,Ehrlich,iRIS,Falls Mills,VA,319,yes
24614,232,Knoxville Pest,14,Ehrlich,iRIS,Grundy,VA,7434,yes
24619,232,Knoxville Pest,14,Ehrlich,iRIS,Horsepen,VA,0,yes
24622,232,Knoxville Pest,14,Ehrlich,iRIS,Jewell Ridge,VA,840,yes
24630,232,Knoxville Pest,14,Ehrlich,iRIS,North Tazewell,VA,6933,yes
24637,232,Knoxville Pest,14,Ehrlich,iRIS,Pounding Mill,VA,4024,yes
24639,232,Knoxville Pest,14,Ehrlich,iRIS,Raven,VA,2960,yes
24640,232,Knoxville Pest,14,Ehrlich,iRIS,Red Ash,VA,0,yes
24641,232,Knoxville Pest,14,Ehrlich,iRIS,Richlands,VA,5756,yes
24649,232,Knoxville Pest,14,Ehrlich,iRIS,Swords Creek,VA,3036,yes
24651,232,Knoxville Pest,14,Ehrlich,iRIS,Tazewell,VA,6217,yes
24656,232,Knoxville Pest,14,Ehrlich,iRIS,Vansant,VA,3071,yes
27054,273,Lake Norman Pest,12,Ehrlich,,Woodleaf,NC,2152,yes
27521,431,Wilmington - Steritech,12,Ehrlich,iRIS,Coats,NC,6397,yes
27552,431,Wilmington - Steritech,12,Ehrlich,iRIS,Mamers,NC,0,yes
27846,218,Virginia Beach A - Active Pest,14,Ehrlich,iRIS,Jamesville,NC,3361,yes
27849,197,Raleigh Pest,12,Ehrlich,iRIS,Lewiston Woodville,NC,1592,yes
27906,218,Virginia Beach A - Active Pest,14,Ehrlich,iRIS,Elizabeth City,NC,0,yes
27907,218,Virginia Beach A - Active Pest,14,Ehrlich,iRIS,Elizabeth City,NC,0,yes
27909,218,Virginia Beach A - Active Pest,14,Ehrlich,iRIS,Elizabeth City,NC,39940,yes
27915,218,Virginia Beach A - Active Pest,14,Ehrlich,iRIS,Avon,NC,830,yes
27916,218,Virginia Beach A - Active Pest,14,Ehrlich,iRIS,Aydlett,NC,737,yes
27917,218,Virginia Beach A - Active Pest,14,Ehrlich,iRIS,Barco,NC,1000,yes
27919,218,Virginia Beach A - Active Pest,14,Ehrlich,iRIS,Belvidere,NC,1059,yes
27920,218,Virginia Beach A - Active Pest,14,Ehrlich,iRIS,Buxton,NC,1192,yes
27921,218,Virginia Beach A - Active Pest,14,Ehrlich,iRIS,Camden,NC,4959,yes
27923,218,Virginia Beach A - Active Pest,14,Ehrlich,iRIS,Coinjock,NC,517,yes
27926,218,Virginia Beach A - Active Pest,14,Ehrlich,iRIS,Corapeake,NC,1682,yes
27927,218,Virginia Beach A - Active Pest,14,Ehrlich,iRIS,Corolla,NC,735,yes
27929,218,Virginia Beach A - Active Pest,14,Ehrlich,iRIS,Currituck,NC,1248,yes
27930,218,Virginia Beach A - Active Pest,14,Ehrlich,iRIS,Hertford,NC,0,yes
27932,218,Virginia Beach A - Active Pest,14,Ehrlich,iRIS,Edenton,NC,12278,yes
27935,218,Virginia Beach A - Active Pest,14,Ehrlich,iRIS,Eure,NC,1612,yes
27936,218,Virginia Beach A - Active Pest,14,Ehrlich,iRIS,Frisco,NC,1223,yes
27937,218,Virginia Beach A - Active Pest,14,Ehrlich,iRIS,Gates,NC,4353,yes
27938,218,Virginia Beach A - Active Pest,14,Ehrlich,iRIS,Gatesville,NC,1349,yes
27939,218,Virginia Beach A - Active Pest,14,Ehrlich,iRIS,Grandy,NC,2370,yes
27941,218,Virginia Beach A - Active Pest,14,Ehrlich,iRIS,Harbinger,NC,640,yes
27942,218,Virginia Beach A - Active Pest,14,Ehrlich,iRIS,Harrellsville,NC,951,yes
27943,218,Virginia Beach A - Active Pest,14,Ehrlich,iRIS,Hatteras,NC,481,yes
27944,218,Virginia Beach A - Active Pest,14,Ehrlich,iRIS,Hertford,NC,12066,yes
27946,218,Virginia Beach A - Active Pest,14,Ehrlich,iRIS,Hobbsville,NC,1047,yes
27947,218,Virginia Beach A - Active Pest,14,Ehrlich,iRIS,Jarvisburg,NC,1729,yes
27948,218,Virginia Beach A - Active Pest,14,Ehrlich,iRIS,Kill Devil Hills,NC,11071,yes
27949,218,Virginia Beach A - Active Pest,14,Ehrlich,iRIS,Kitty Hawk,NC,7193,yes
27950,218,Virginia Beach A - Active Pest,14,Ehrlich,iRIS,Knotts Island,NC,2148,yes
27953,218,Virginia Beach A - Active Pest,14,Ehrlich,iRIS,Manns Harbor,NC,1331,yes
27954,218,Virginia Beach A - Active Pest,14,Ehrlich,iRIS,Manteo,NC,6788,yes
27956,218,Virginia Beach A - Active Pest,14,Ehrlich,iRIS,Maple,NC,469,yes
27957,218,Virginia Beach A - Active Pest,14,Ehrlich,iRIS,Merry Hill,NC,1684,yes
27958,218,Virginia Beach A - Active Pest,14,Ehrlich,iRIS,Moyock,NC,10326,yes
27959,218,Virginia Beach A - Active Pest,14,Ehrlich,iRIS,Nags Head,NC,2869,yes
27960,218,Virginia Beach A - Active Pest,14,Ehrlich,iRIS,Ocracoke,NC,405,yes
27964,218,Virginia Beach A - Active Pest,14,Ehrlich,iRIS,Point Harbor,NC,653,yes
27965,218,Virginia Beach A - Active Pest,14,Ehrlich,iRIS,Poplar Branch,NC,732,yes
27966,218,Virginia Beach A - Active Pest,14,Ehrlich,iRIS,Powells Point,NC,805,yes
27968,218,Virginia Beach A - Active Pest,14,Ehrlich,iRIS,Rodanthe,NC,195,yes
27969,218,Virginia Beach A - Active Pest,14,Ehrlich,iRIS,Roduco,NC,0,yes
27970,218,Virginia Beach A - Active Pest,14,Ehrlich,iRIS,Roper,NC,2995,yes
27972,218,Virginia Beach A - Active Pest,14,Ehrlich,iRIS,Salvo,NC,229,yes
28006,273,Lake Norman Pest,12,Ehrlich,,Alexis,NC,1418,yes
28012,401,Charlotte Pest,12,Ehrlich,iRIS,Belmont,NC,21381,yes
28025,401,Charlotte Pest,12,Ehrlich,iRIS,Concord,NC,51954,yes
28026,401,Charlotte Pest,12,Ehrlich,iRIS,Concord,NC,0,yes
28027,401,Charlotte Pest,12,Ehrlich,iRIS,Concord,NC,61133,yes
28031,273,Lake Norman Pest,12,Ehrlich,,Cornelius,NC,26686,yes
28033,273,Lake Norman Pest,12,Ehrlich,,Crouse,NC,3271,yes
28035,273,Lake Norman Pest,12,Ehrlich,,Davidson,NC,0,yes
28036,273,Lake Norman Pest,12,Ehrlich,,Davidson,NC,16875,yes
28037,273,Lake Norman Pest,12,Ehrlich,,Denver,NC,19954,yes
28052,401,Charlotte Pest,12,Ehrlich,iRIS,Gastonia,NC,34847,yes
28053,401,Charlotte Pest,12,Ehrlich,iRIS,Gastonia,NC,0,yes
28054,401,Charlotte Pest,12,Ehrlich,iRIS,Gastonia,NC,37387,yes
28055,401,Charlotte Pest,12,Ehrlich,iRIS,Gastonia,NC,0,yes
28056,401,Charlotte Pest,12,Ehrlich,iRIS,Gastonia,NC,33235,yes
28070,273,Lake Norman Pest,12,Ehrlich,,Huntersville,NC,0,yes
28075,401,Charlotte Pest,12,Ehrlich,iRIS,Harrisburg,NC,17265,yes
28077,273,Lake Norman Pest,12,Ehrlich,,High Shoals,NC,505,yes
28078,273,Lake Norman Pest,12,Ehrlich,,Huntersville,NC,57274,yes
28079,401,Charlotte Pest,12,Ehrlich,iRIS,Indian Trail,NC,34282,yes
28080,273,Lake Norman Pest,12,Ehrlich,,Iron Station,NC,8034,yes
28081,401,Charlotte Pest,12,Ehrlich,iRIS,Kannapolis,NC,27087,yes
28082,401,Charlotte Pest,12,Ehrlich,iRIS,Kannapolis,NC,0,yes
28083,401,Charlotte Pest,12,Ehrlich,iRIS,Kannapolis,NC,24696,yes
28092,273,Lake Norman Pest,12,Ehrlich,,Lincolnton,NC,37727,yes
28093,273,Lake Norman Pest,12,Ehrlich,,Lincolnton,NC,0,yes
28104,401,Charlotte Pest,12,Ehrlich,iRIS,Matthews,NC,29944,yes
28105,401,Charlotte Pest,12,Ehrlich,iRIS,Matthews,NC,44573,yes
28106,401,Charlotte Pest,12,Ehrlich,iRIS,Matthews,NC,0,yes
28115,273,Lake Norman Pest,12,Ehrlich,,Mooresville,NC,35679,yes
28117,273,Lake Norman Pest,12,Ehrlich,,Mooresville,NC,37347,yes
28120,401,Charlotte Pest,12,Ehrlich,iRIS,Mount Holly,NC,19710,yes
28123,273,Lake Norman Pest,12,Ehrlich,,Mount Mourne,NC,0,yes
28125,273,Lake Norman Pest,12,Ehrlich,,Mount Ulla,NC,2179,yes
28134,401,Charlotte Pest,12,Ehrlich,iRIS,Pineville,NC,10458,yes
28164,273,Lake Norman Pest,12,Ehrlich,,Stanley,NC,14470,yes
28166,273,Lake Norman Pest,12,Ehrlich,,Troutman,NC,9816,yes
28168,273,Lake Norman Pest,12,Ehrlich,,Vale,NC,10431,yes
28202,401,Charlotte Pest,12,Ehrlich,iRIS,Charlotte,NC,11993,yes
28203,401,Charlotte Pest,12,Ehrlich,iRIS,Charlotte,NC,14820,yes
28204,401,Charlotte Pest,12,Ehrlich,iRIS,Charlotte,NC,5847,yes
28205,401,Charlotte Pest,12,Ehrlich,iRIS,Charlotte,NC,46507,yes
28206,401,Charlotte Pest,12,Ehrlich,iRIS,Charlotte,NC,12627,yes
28207,401,Charlotte Pest,12,Ehrlich,iRIS,Charlotte,NC,9621,yes
28208,401,Charlotte Pest,12,Ehrlich,iRIS,Charlotte,NC,36328,yes
28209,401,Charlotte Pest,12,Ehrlich,iRIS,Charlotte,NC,21842,yes
28210,401,Charlotte Pest,12,Ehrlich,iRIS,Charlotte,NC,47169,yes
28211,401,Charlotte Pest,12,Ehrlich,iRIS,Charlotte,NC,30126,yes
28212,401,Charlotte Pest,12,Ehrlich,iRIS,Charlotte,NC,42613,yes
28213,401,Charlotte Pest,12,Ehrlich,iRIS,Charlotte,NC,38650,yes
28214,401,Charlotte Pest,12,Ehrlich,iRIS,Charlotte,NC,38170,yes
28215,401,Charlotte Pest,12,Ehrlich,iRIS,Charlotte,NC,57230,yes
28216,401,Charlotte Pest,12,Ehrlich,iRIS,Charlotte,NC,50908,yes
28217,401,Charlotte Pest,12,Ehrlich,iRIS,Charlotte,NC,28331,yes
28218,401,Charlotte Pest,12,Ehrlich,iRIS,Charlotte,NC,0,yes
28219,401,Charlotte Pest,12,Ehrlich,iRIS,Charlotte,NC,0,yes
28220,401,Charlotte Pest,12,Ehrlich,iRIS,Charlotte,NC,0,yes
28221,401,Charlotte Pest,12,Ehrlich,iRIS,Charlotte,NC,0,yes
28222,401,Charlotte Pest,12,Ehrlich,iRIS,Charlotte,NC,0,yes
28223,401,Charlotte Pest,12,Ehrlich,iRIS,Charlotte,NC,0,yes
28224,401,Charlotte Pest,12,Ehrlich,iRIS,Charlotte,NC,0,yes
28226,401,Charlotte Pest,12,Ehrlich,iRIS,Charlotte,NC,39052,yes
28227,401,Charlotte Pest,12,Ehrlich,iRIS,Charlotte,NC,55225,yes
28228,401,Charlotte Pest,12,Ehrlich,iRIS,Charlotte,NC,0,yes
28229,401,Charlotte Pest,12,Ehrlich,iRIS,Charlotte,NC,0,yes
28230,401,Charlotte Pest,12,Ehrlich,iRIS,Charlotte,NC,0,yes
28231,401,Charlotte Pest,12,Ehrlich,iRIS,Charlotte,NC,0,yes
28232,401,Charlotte Pest,12,Ehrlich,iRIS,Charlotte,NC,0,yes
28233,401,Charlotte Pest,12,Ehrlich,iRIS,Charlotte,NC,0,yes
28234,401,Charlotte Pest,12,Ehrlich,iRIS,Charlotte,NC,0,yes
28235,401,Charlotte Pest,12,Ehrlich,iRIS,Charlotte,NC,0,yes
28236,401,Charlotte Pest,12,Ehrlich,iRIS,Charlotte,NC,0,yes
28237,401,Charlotte Pest,12,Ehrlich,iRIS,Charlotte,NC,0,yes
28241,401,Charlotte Pest,12,Ehrlich,iRIS,Charlotte,NC,0,yes
28242,401,Charlotte Pest,12,Ehrlich,iRIS,Charlotte,NC,0,yes
28243,401,Charlotte Pest,12,Ehrlich,iRIS,Charlotte,NC,0,yes
28244,401,Charlotte Pest,12,Ehrlich,iRIS,Charlotte,NC,0,yes
28246,401,Charlotte Pest,12,Ehrlich,iRIS,Charlotte,NC,0,yes
28247,401,Charlotte Pest,12,Ehrlich,iRIS,Charlotte,NC,0,yes
28250,401,Charlotte Pest,12,Ehrlich,iRIS,Charlotte,NC,0,yes
28253,401,Charlotte Pest,12,Ehrlich,iRIS,Charlotte,NC,0,yes
28254,401,Charlotte Pest,12,Ehrlich,iRIS,Charlotte,NC,0,yes
28255,401,Charlotte Pest,12,Ehrlich,iRIS,Charlotte,NC,0,yes
28256,401,Charlotte Pest,12,Ehrlich,iRIS,Charlotte,NC,0,yes
28258,401,Charlotte Pest,12,Ehrlich,iRIS,Charlotte,NC,0,yes
28260,401,Charlotte Pest,12,Ehrlich,iRIS,Charlotte,NC,0,yes
28262,401,Charlotte Pest,12,Ehrlich,iRIS,Charlotte,NC,43305,yes
28263,401,Charlotte Pest,12,Ehrlich,iRIS,Charlotte,NC,0,yes
28265,401,Charlotte Pest,12,Ehrlich,iRIS,Charlotte,NC,0,yes
28266,401,Charlotte Pest,12,Ehrlich,iRIS,Charlotte,NC,0,yes
28269,401,Charlotte Pest,12,Ehrlich,iRIS,Charlotte,NC,77321,yes
28270,401,Charlotte Pest,12,Ehrlich,iRIS,Charlotte,NC,32993,yes
28271,401,Charlotte Pest,12,Ehrlich,iRIS,Charlotte,NC,0,yes
28272,401,Charlotte Pest,12,Ehrlich,iRIS,Charlotte,NC,0,yes
28273,401,Charlotte Pest,12,Ehrlich,iRIS,Charlotte,NC,36746,yes
28274,401,Charlotte Pest,12,Ehrlich,iRIS,Charlotte,NC,0,yes
28275,401,Charlotte Pest,12,Ehrlich,iRIS,Charlotte,NC,0,yes
28277,401,Charlotte Pest,12,Ehrlich,iRIS,Charlotte,NC,67692,yes
28278,401,Charlotte Pest,12,Ehrlich,iRIS,Charlotte,NC,24109,yes
28280,401,Charlotte Pest,12,Ehrlich,iRIS,Charlotte,NC,0,yes
28281,401,Charlotte Pest,12,Ehrlich,iRIS,Charlotte,NC,0,yes
28282,401,Charlotte Pest,12,Ehrlich,iRIS,Charlotte,NC,0,yes
28284,401,Charlotte Pest,12,Ehrlich,iRIS,Charlotte,NC,0,yes
28285,401,Charlotte Pest,12,Ehrlich,iRIS,Charlotte,NC,0,yes
28287,401,Charlotte Pest,12,Ehrlich,iRIS,Charlotte,NC,0,yes
28288,401,Charlotte Pest,12,Ehrlich,iRIS,Charlotte,NC,0,yes
28289,401,Charlotte Pest,12,Ehrlich,iRIS,Charlotte,NC,0,yes
28290,401,Charlotte Pest,12,Ehrlich,iRIS,Charlotte,NC,0,yes
28296,401,Charlotte Pest,12,Ehrlich,iRIS,Charlotte,NC,0,yes
28297,401,Charlotte Pest,12,Ehrlich,iRIS,Charlotte,NC,0,yes
28299,401,Charlotte Pest,12,Ehrlich,iRIS,Charlotte,NC,0,yes
28308,431,Wilmington - Steritech,12,Ehrlich,iRIS,Pope Army Airfield,NC,399,yes
28363,431,Wilmington - Steritech,12,Ehrlich,iRIS,Marston,NC,1486,yes
28379,431,Wilmington - Steritech,12,Ehrlich,iRIS,Rockingham,NC,25252,yes
28601,273,Lake Norman Pest,12,Ehrlich,,Hickory,NC,49179,yes
28602,273,Lake Norman Pest,12,Ehrlich,,Hickory,NC,29521,yes
28603,273,Lake Norman Pest,12,Ehrlich,,Hickory,NC,0,yes
28609,273,Lake Norman Pest,12,Ehrlich,,Catawba,NC,5955,yes
28610,273,Lake Norman Pest,12,Ehrlich,,Claremont,NC,10306,yes
28613,273,Lake Norman Pest,12,Ehrlich,,Conover,NC,23160,yes
28625,273,Lake Norman Pest,12,Ehrlich,,Statesville,NC,38524,yes
28630,273,Lake Norman Pest,12,Ehrlich,,Granite Falls,NC,20239,yes
28634,273,Lake Norman Pest,12,Ehrlich,,Harmony,NC,5327,yes
28636,273,Lake Norman Pest,12,Ehrlich,,Hiddenite,NC,5015,yes
28637,273,Lake Norman Pest,12,Ehrlich,,Hildebran,NC,1725,yes
28638,273,Lake Norman Pest,12,Ehrlich,,Hudson,NC,11128,yes
28645,273,Lake Norman Pest,12,Ehrlich,,Lenoir,NC,46323,yes
28650,273,Lake Norman Pest,12,Ehrlich,,Maiden,NC,11601,yes
28658,273,Lake Norman Pest,12,Ehrlich,,Newton,NC,26429,yes
28673,273,Lake Norman Pest,12,Ehrlich,,Sherrills Ford,NC,6140,yes
28677,273,Lake Norman Pest,12,Ehrlich,,Statesville,NC,34333,yes
28678,273,Lake Norman Pest,12,Ehrlich,,Stony Point,NC,5231,yes
28681,273,Lake Norman Pest,12,Ehrlich,,Taylorsville,NC,26829,yes
28682,273,Lake Norman Pest,12,Ehrlich,,Terrell,NC,1107,yes
28687,273,Lake Norman Pest,12,Ehrlich,,Statesville,NC,0,yes
28688,410,Greensboro - Steritech,12,Ehrlich,iRIS,Turnersburg,NC,0,yes
28699,273,Lake Norman Pest,12,Ehrlich,,Scotts,NC,0,yes
29901,70,Beaufort Pest,12,Ehrlich,iRIS,Beaufort,SC,0,yes
29902,70,Beaufort Pest,12,Ehrlich,iRIS,Beaufort,SC,15675,yes
29903,70,Beaufort Pest,12,Ehrlich,iRIS,Beaufort,SC,0,yes
29904,70,Beaufort Pest,12,Ehrlich,iRIS,Beaufort,SC,612,yes
29905,70,Beaufort Pest,12,Ehrlich,iRIS,Parris Island,SC,3329,yes
29906,70,Beaufort Pest,12,Ehrlich,iRIS,Beaufort,SC,23132,yes
29907,70,Beaufort Pest,12,Ehrlich,iRIS,Beaufort,SC,13587,yes
29909,70,Beaufort Pest,12,Ehrlich,iRIS,Okatie,SC,18769,yes
29910,70,Beaufort Pest,12,Ehrlich,iRIS,Bluffton,SC,37915,yes
29912,70,Beaufort Pest,12,Ehrlich,iRIS,Coosawhatchie,SC,0,yes
29915,70,Beaufort Pest,12,Ehrlich,iRIS,Daufuskie Island,SC,512,yes
29920,70,Beaufort Pest,12,Ehrlich,iRIS,Saint Helena Island,SC,10426,yes
29925,70,Beaufort Pest,12,Ehrlich,iRIS,Hilton Head Island,SC,0,yes
29926,70,Beaufort Pest,12,Ehrlich,iRIS,Hilton Head Island,SC,25432,yes
29927,70,Beaufort Pest,12,Ehrlich,iRIS,Hardeeville,SC,9326,yes
29928,70,Beaufort Pest,12,Ehrlich,iRIS,Hilton Head Island,SC,17103,yes
29931,70,Beaufort Pest,12,Ehrlich,iRIS,Lobeco,SC,0,yes
29935,70,Beaufort Pest,12,Ehrlich,iRIS,Port Royal,SC,3775,yes
29936,70,Beaufort Pest,12,Ehrlich,iRIS,Ridgeland,SC,13677,yes
29938,70,Beaufort Pest,12,Ehrlich,iRIS,Hilton Head Island,SC,0,yes
29940,70,Beaufort Pest,12,Ehrlich,iRIS,Seabrook,SC,4203,yes
29941,70,Beaufort Pest,12,Ehrlich,iRIS,Sheldon,SC,542,yes
29943,70,Beaufort Pest,12,Ehrlich,iRIS,Tillman,SC,310,yes
29944,70,Beaufort Pest,12,Ehrlich,iRIS,Varnville,SC,4726,yes
29945,70,Beaufort Pest,12,Ehrlich,iRIS,Yemassee,SC,5378,yes
31520,118,Jacksonville Pest,8,Ehrlich,iRIS,Brunswick,GA,22167,yes
32535,118,Jacksonville Pest,8,Ehrlich,iRIS,Century,FL,5504,yes
32948,58,Ft Lauderdale Pest,11,Ehrlich,iRIS,Fellsmere,FL,7733,yes
32958,58,Ft Lauderdale Pest,11,Ehrlich,iRIS,Sebastian,FL,26817,yes
32960,58,Ft Lauderdale Pest,11,Ehrlich,iRIS,Vero Beach,FL,21046,yes
32961,58,Ft Lauderdale Pest,11,Ehrlich,iRIS,Vero Beach,FL,0,yes
32962,58,Ft Lauderdale Pest,11,Ehrlich,iRIS,Vero Beach,FL,24468,yes
32963,58,Ft Lauderdale Pest,11,Ehrlich,iRIS,Vero Beach,FL,14591,yes
32964,58,Ft Lauderdale Pest,11,Ehrlich,iRIS,Vero Beach,FL,0,yes
32965,58,Ft Lauderdale Pest,11,Ehrlich,iRIS,Vero Beach,FL,0,yes
32966,58,Ft Lauderdale Pest,11,Ehrlich,iRIS,Vero Beach,FL,16262,yes
32967,58,Ft Lauderdale Pest,11,Ehrlich,iRIS,Vero Beach,FL,19942,yes
32968,58,Ft Lauderdale Pest,11,Ehrlich,iRIS,Vero Beach,FL,14225,yes
32969,58,Ft Lauderdale Pest,11,Ehrlich,iRIS,Vero Beach,FL,0,yes
32970,58,Ft Lauderdale Pest,11,Ehrlich,iRIS,Wabasso,FL,285,yes
32971,58,Ft Lauderdale Pest,11,Ehrlich,iRIS,Winter Beach,FL,0,yes
33002,99,Miami Pest,11,Ehrlich,iRIS,Hialeah,FL,0,yes
33004,58,Ft Lauderdale Pest,11,Ehrlich,iRIS,Dania,FL,16526,yes
33009,58,Ft Lauderdale Pest,11,Ehrlich,iRIS,Hallandale,FL,40835,yes
33010,99,Miami Pest,11,Ehrlich,iRIS,Hialeah,FL,47581,yes
33011,99,Miami Pest,11,Ehrlich,iRIS,Hialeah,FL,0,yes
33012,99,Miami Pest,11,Ehrlich,iRIS,Hialeah,FL,76384,yes
33013,99,Miami Pest,11,Ehrlich,iRIS,Hialeah,FL,33430,yes
33014,99,Miami Pest,11,Ehrlich,iRIS,Hialeah,FL,40187,yes
33015,99,Miami Pest,11,Ehrlich,iRIS,Hialeah,FL,68143,yes
33016,99,Miami Pest,11,Ehrlich,iRIS,Hialeah,FL,50138,yes
33017,99,Miami Pest,11,Ehrlich,iRIS,Hialeah,FL,0,yes
33018,99,Miami Pest,11,Ehrlich,iRIS,Hialeah,FL,49283,yes
33019,58,Ft Lauderdale Pest,11,Ehrlich,iRIS,Hollywood,FL,14923,yes
33020,58,Ft Lauderdale Pest,11,Ehrlich,iRIS,Hollywood,FL,44188,yes
33021,58,Ft Lauderdale Pest,11,Ehrlich,iRIS,Hollywood,FL,48301,yes
33022,58,Ft Lauderdale Pest,11,Ehrlich,iRIS,Hollywood,FL,0,yes
33023,58,Ft Lauderdale Pest,11,Ehrlich,iRIS,Hollywood,FL,70910,yes
33024,58,Ft Lauderdale Pest,11,Ehrlich,iRIS,Hollywood,FL,73034,yes
33025,58,Ft Lauderdale Pest,11,Ehrlich,iRIS,Hollywood,FL,65059,yes
33026,58,Ft Lauderdale Pest,11,Ehrlich,iRIS,Hollywood,FL,30474,yes
33027,58,Ft Lauderdale Pest,11,Ehrlich,iRIS,Hollywood,FL,60995,yes
33028,58,Ft Lauderdale Pest,11,Ehrlich,iRIS,Pembroke Pines,FL,28537,yes
33029,58,Ft Lauderdale Pest,11,Ehrlich,iRIS,Hollywood,FL,46724,yes
33030,99,Miami Pest,11,Ehrlich,iRIS,Homestead,FL,35279,yes
33031,99,Miami Pest,11,Ehrlich,iRIS,Homestead,FL,7087,yes
33032,99,Miami Pest,11,Ehrlich,iRIS,Homestead,FL,43281,yes
33033,99,Miami Pest,11,Ehrlich,iRIS,Homestead,FL,55956,yes
33034,99,Miami Pest,11,Ehrlich,iRIS,Homestead,FL,22315,yes
33035,99,Miami Pest,11,Ehrlich,iRIS,Homestead,FL,17430,yes
33039,99,Miami Pest,11,Ehrlich,iRIS,Homestead,FL,526,yes
33054,99,Miami Pest,11,Ehrlich,iRIS,Opa Locka,FL,31180,yes
33055,99,Miami Pest,11,Ehrlich,iRIS,Opa Locka,FL,45974,yes
33056,99,Miami Pest,11,Ehrlich,iRIS,Miami Gardens,FL,34751,yes
33060,58,Ft Lauderdale Pest,11,Ehrlich,iRIS,Pompano Beach,FL,35593,yes
33061,58,Ft Lauderdale Pest,11,Ehrlich,iRIS,Pompano Beach,FL,0,yes
33062,58,Ft Lauderdale Pest,11,Ehrlich,iRIS,Pompano Beach,FL,21464,yes
33063,58,Ft Lauderdale Pest,11,Ehrlich,iRIS,Pompano Beach,FL,53732,yes
33064,58,Ft Lauderdale Pest,11,Ehrlich,iRIS,Pompano Beach,FL,59265,yes
33065,58,Ft Lauderdale Pest,11,Ehrlich,iRIS,Coral Springs,FL,55860,yes
33066,58,Ft Lauderdale Pest,11,Ehrlich,iRIS,Pompano Beach,FL,17131,yes
33067,58,Ft Lauderdale Pest,11,Ehrlich,iRIS,Pompano Beach,FL,28131,yes
33068,58,Ft Lauderdale Pest,11,Ehrlich,iRIS,Pompano Beach,FL,51465,yes
33069,58,Ft Lauderdale Pest,11,Ehrlich,iRIS,Pompano Beach,FL,27191,yes
33071,58,Ft Lauderdale Pest,11,Ehrlich,iRIS,Coral Springs,FL,38968,yes
33072,58,Ft Lauderdale Pest,11,Ehrlich,iRIS,Pompano Beach,FL,0,yes
33073,58,Ft Lauderdale Pest,11,Ehrlich,iRIS,Pompano Beach,FL,32019,yes
33074,58,Ft Lauderdale Pest,11,Ehrlich,iRIS,Pompano Beach,FL,0,yes
33075,58,Ft Lauderdale Pest,11,Ehrlich,iRIS,Coral Springs,FL,0,yes
33076,58,Ft Lauderdale Pest,11,Ehrlich,iRIS,Pompano Beach,FL,33068,yes
33077,58,Ft Lauderdale Pest,11,Ehrlich,iRIS,Pompano Beach,FL,0,yes
33081,58,Ft Lauderdale Pest,11,Ehrlich,iRIS,Hollywood,FL,0,yes
33082,58,Ft Lauderdale Pest,11,Ehrlich,iRIS,Pembroke Pines,FL,0,yes
33083,58,Ft Lauderdale Pest,11,Ehrlich,iRIS,Hollywood,FL,0,yes
33084,58,Ft Lauderdale Pest,11,Ehrlich,iRIS,Hollywood,FL,0,yes
33090,99,Miami Pest,11,Ehrlich,iRIS,Homestead,FL,0,yes
33092,99,Miami Pest,11,Ehrlich,iRIS,Homestead,FL,0,yes
33093,58,Ft Lauderdale Pest,11,Ehrlich,iRIS,Margate,FL,0,yes
33097,58,Ft Lauderdale Pest,11,Ehrlich,iRIS,Coconut Creek,FL,0,yes
33102,99,Miami Pest,11,Ehrlich,iRIS,Miami,FL,0,yes
33106,99,Miami Pest,11,Ehrlich,iRIS,Miami,FL,0,yes
33107,99,Miami Pest,11,Ehrlich,iRIS,Miami,FL,0,yes
33109,99,Miami Pest,11,Ehrlich,iRIS,Miami Beach,FL,636,yes
33110,99,Miami Pest,11,Ehrlich,iRIS,Miami,FL,0,yes
33111,99,Miami Pest,11,Ehrlich,iRIS,Miami,FL,0,yes
33112,99,Miami Pest,11,Ehrlich,iRIS,Miami,FL,0,yes
33114,99,Miami Pest,11,Ehrlich,iRIS,Coral Gables,FL,0,yes
33116,99,Miami Pest,11,Ehrlich,iRIS,Miami,FL,0,yes
33119,99,Miami Pest,11,Ehrlich,iRIS,Miami Beach,FL,0,yes
33121,99,Miami Pest,11,Ehrlich,iRIS,Miami,FL,0,yes
33122,99,Miami Pest,11,Ehrlich,iRIS,Miami,FL,151,yes
33124,99,Miami Pest,11,Ehrlich,iRIS,Miami,FL,0,yes
33125,99,Miami Pest,11,Ehrlich,iRIS,Miami,FL,58144,yes
33126,99,Miami Pest,11,Ehrlich,iRIS,Miami,FL,52835,yes
33127,99,Miami Pest,11,Ehrlich,iRIS,Miami,FL,31904,yes
33128,99,Miami Pest,11,Ehrlich,iRIS,Miami,FL,7367,yes
33129,99,Miami Pest,11,Ehrlich,iRIS,Miami,FL,12579,yes
33130,99,Miami Pest,11,Ehrlich,iRIS,Miami,FL,25503,yes
33131,99,Miami Pest,11,Ehrlich,iRIS,Miami,FL,16041,yes
33132,99,Miami Pest,11,Ehrlich,iRIS,Miami,FL,11433,yes
33133,99,Miami Pest,11,Ehrlich,iRIS,Miami,FL,34228,yes
33134,99,Miami Pest,11,Ehrlich,iRIS,Miami,FL,41340,yes
33135,99,Miami Pest,11,Ehrlich,iRIS,Miami,FL,38867,yes
33136,99,Miami Pest,11,Ehrlich,iRIS,Miami,FL,13687,yes
33137,99,Miami Pest,11,Ehrlich,iRIS,Miami,FL,23520,yes
33138,99,Miami Pest,11,Ehrlich,iRIS,Miami,FL,30195,yes
33139,99,Miami Pest,11,Ehrlich,iRIS,Miami Beach,FL,38027,yes
33140,99,Miami Pest,11,Ehrlich,iRIS,Miami Beach,FL,22222,yes
33141,99,Miami Pest,11,Ehrlich,iRIS,Miami Beach,FL,39738,yes
33142,99,Miami Pest,11,Ehrlich,iRIS,Miami,FL,54571,yes
33143,99,Miami Pest,11,Ehrlich,iRIS,Miami,FL,32499,yes
33144,99,Miami Pest,11,Ehrlich,iRIS,Miami,FL,27856,yes
33145,99,Miami Pest,11,Ehrlich,iRIS,Miami,FL,32477,yes
33146,99,Miami Pest,11,Ehrlich,iRIS,Miami,FL,15505,yes
33147,99,Miami Pest,11,Ehrlich,iRIS,Miami,FL,45676,yes
33148,99,Miami Pest,11,Ehrlich,iRIS,Miami,FL,0,yes
33149,99,Miami Pest,11,Ehrlich,iRIS,Key Biscayne,FL,12935,yes
33150,99,Miami Pest,11,Ehrlich,iRIS,Miami,FL,27588,yes
33151,99,Miami Pest,11,Ehrlich,iRIS,Miami,FL,0,yes
33152,99,Miami Pest,11,Ehrlich,iRIS,Miami,FL,0,yes
33153,99,Miami Pest,11,Ehrlich,iRIS,Miami,FL,0,yes
33154,99,Miami Pest,11,Ehrlich,iRIS,Miami Beach,FL,14666,yes
33155,99,Miami Pest,11,Ehrlich,iRIS,Miami,FL,46602,yes
33156,99,Miami Pest,11,Ehrlich,iRIS,Miami,FL,33030,yes
33157,99,Miami Pest,11,Ehrlich,iRIS,Miami,FL,68396,yes
33158,99,Miami Pest,11,Ehrlich,iRIS,Miami,FL,6893,yes
33159,99,Miami Pest,11,Ehrlich,iRIS,Miami,FL,0,yes
33160,99,Miami Pest,11,Ehrlich,iRIS,North Miami Beach,FL,39759,yes
33161,99,Miami Pest,11,Ehrlich,iRIS,Miami,FL,56385,yes
33162,99,Miami Pest,11,Ehrlich,iRIS,Miami,FL,47394,yes
33163,99,Miami Pest,11,Ehrlich,iRIS,Miami,FL,0,yes
33164,99,Miami Pest,11,Ehrlich,iRIS,Miami,FL,0,yes
33165,99,Miami Pest,11,Ehrlich,iRIS,Miami,FL,56771,yes
33166,99,Miami Pest,11,Ehrlich,iRIS,Miami,FL,24328,yes
33167,99,Miami Pest,11,Ehrlich,iRIS,Miami,FL,20061,yes
33168,99,Miami Pest,11,Ehrlich,iRIS,Miami,FL,29291,yes
33169,99,Miami Pest,11,Ehrlich,iRIS,Miami,FL,41037,yes
33170,99,Miami Pest,11,Ehrlich,iRIS,Miami,FL,14535,yes
33172,99,Miami Pest,11,Ehrlich,iRIS,Miami,FL,41456,yes
33173,99,Miami Pest,11,Ehrlich,iRIS,Miami,FL,32696,yes
33174,99,Miami Pest,11,Ehrlich,iRIS,Miami,FL,32580,yes
33175,99,Miami Pest,11,Ehrlich,iRIS,Miami,FL,54462,yes
33176,99,Miami Pest,11,Ehrlich,iRIS,Miami,FL,50819,yes
33177,99,Miami Pest,11,Ehrlich,iRIS,Miami,FL,57570,yes
33178,99,Miami Pest,11,Ehrlich,iRIS,Miami,FL,47417,yes
33179,99,Miami Pest,11,Ehrlich,iRIS,Miami,FL,44451,yes
33180,99,Miami Pest,11,Ehrlich,iRIS,Miami,FL,32365,yes
33181,99,Miami Pest,11,Ehrlich,iRIS,Miami,FL,18612,yes
33182,99,Miami Pest,11,Ehrlich,iRIS,Miami,FL,18393,yes
33183,99,Miami Pest,11,Ehrlich,iRIS,Miami,FL,38469,yes
33184,99,Miami Pest,11,Ehrlich,iRIS,Miami,FL,22071,yes
33185,99,Miami Pest,11,Ehrlich,iRIS,Miami,FL,30910,yes
33186,99,Miami Pest,11,Ehrlich,iRIS,Miami,FL,70882,yes
33187,99,Miami Pest,11,Ehrlich,iRIS,Miami,FL,18837,yes
33188,99,Miami Pest,11,Ehrlich,iRIS,Miami,FL,0,yes
33189,99,Miami Pest,11,Ehrlich,iRIS,Miami,FL,26363,yes
33190,99,Miami Pest,11,Ehrlich,iRIS,Miami,FL,14980,yes
33191,99,Miami Pest,11,Ehrlich,iRIS,Miami,FL,0,yes
33192,99,Miami Pest,11,Ehrlich,iRIS,Miami,FL,0,yes
33193,99,Miami Pest,11,Ehrlich,iRIS,Miami,FL,50063,yes
33194,99,Miami Pest,11,Ehrlich,iRIS,Miami,FL,7340,yes
33195,99,Miami Pest,11,Ehrlich,iRIS,Miami,FL,0,yes
33196,99,Miami Pest,11,Ehrlich,iRIS,Miami,FL,48092,yes
33197,99,Miami Pest,11,Ehrlich,iRIS,Miami,FL,0,yes
33198,99,Miami Pest,11,Ehrlich,iRIS,Miami,FL,0,yes
33199,99,Miami Pest,11,Ehrlich,iRIS,Miami,FL,0,yes
33206,99,Miami Pest,11,Ehrlich,iRIS,Miami,FL,0,yes
33222,99,Miami Pest,11,Ehrlich,iRIS,Miami,FL,0,yes
33231,99,Miami Pest,11,Ehrlich,iRIS,Miami,FL,0,yes
33233,99,Miami Pest,11,Ehrlich,iRIS,Miami,FL,0,yes
33234,99,Miami Pest,11,Ehrlich,iRIS,Miami,FL,0,yes
33238,99,Miami Pest,11,Ehrlich,iRIS,Miami,FL,0,yes
33239,99,Miami Pest,11,Ehrlich,iRIS,Miami Beach,FL,0,yes
33242,99,Miami Pest,11,Ehrlich,iRIS,Miami,FL,0,yes
33243,99,Miami Pest,11,Ehrlich,iRIS,Miami,FL,0,yes
33245,99,Miami Pest,11,Ehrlich,iRIS,Miami,FL,0,yes
33247,99,Miami Pest,11,Ehrlich,iRIS,Miami,FL,0,yes
33255,99,Miami Pest,11,Ehrlich,iRIS,Miami,FL,0,yes
33256,99,Miami Pest,11,Ehrlich,iRIS,Miami,FL,0,yes
33257,99,Miami Pest,11,Ehrlich,iRIS,Miami,FL,0,yes
33261,99,Miami Pest,11,Ehrlich,iRIS,Miami,FL,0,yes
33265,99,Miami Pest,11,Ehrlich,iRIS,Miami,FL,0,yes
33266,99,Miami Pest,11,Ehrlich,iRIS,Miami,FL,0,yes
33269,99,Miami Pest,11,Ehrlich,iRIS,Miami,FL,0,yes
33280,99,Miami Pest,11,Ehrlich,iRIS,Miami,FL,0,yes
33283,99,Miami Pest,11,Ehrlich,iRIS,Miami,FL,0,yes
33296,99,Miami Pest,11,Ehrlich,iRIS,Miami,FL,0,yes
33299,99,Miami Pest,11,Ehrlich,iRIS,Miami,FL,0,yes
33301,58,Ft Lauderdale Pest,11,Ehrlich,iRIS,Fort Lauderdale,FL,13565,yes
33302,58,Ft Lauderdale Pest,11,Ehrlich,iRIS,Fort Lauderdale,FL,0,yes
33303,58,Ft Lauderdale Pest,11,Ehrlich,iRIS,Fort Lauderdale,FL,0,yes
33304,58,Ft Lauderdale Pest,11,Ehrlich,iRIS,Fort Lauderdale,FL,18852,yes
33305,58,Ft Lauderdale Pest,11,Ehrlich,iRIS,Fort Lauderdale,FL,12255,yes
33306,58,Ft Lauderdale Pest,11,Ehrlich,iRIS,Fort Lauderdale,FL,3267,yes
33307,58,Ft Lauderdale Pest,11,Ehrlich,iRIS,Fort Lauderdale,FL,0,yes
33308,58,Ft Lauderdale Pest,11,Ehrlich,iRIS,Fort Lauderdale,FL,27661,yes
33309,58,Ft Lauderdale Pest,11,Ehrlich,iRIS,Fort Lauderdale,FL,37936,yes
33310,58,Ft Lauderdale Pest,11,Ehrlich,iRIS,Fort Lauderdale,FL,0,yes
33311,58,Ft Lauderdale Pest,11,Ehrlich,iRIS,Fort Lauderdale,FL,68664,yes
33312,58,Ft Lauderdale Pest,11,Ehrlich,iRIS,Fort Lauderdale,FL,54714,yes
33313,58,Ft Lauderdale Pest,11,Ehrlich,iRIS,Fort Lauderdale,FL,61117,yes
33314,58,Ft Lauderdale Pest,11,Ehrlich,iRIS,Fort Lauderdale,FL,23768,yes
33315,58,Ft Lauderdale Pest,11,Ehrlich,iRIS,Fort Lauderdale,FL,13465,yes
33316,58,Ft Lauderdale Pest,11,Ehrlich,iRIS,Fort Lauderdale,FL,10015,yes
33317,58,Ft Lauderdale Pest,11,Ehrlich,iRIS,Fort Lauderdale,FL,36801,yes
33318,58,Ft Lauderdale Pest,11,Ehrlich,iRIS,Fort Lauderdale,FL,0,yes
33319,58,Ft Lauderdale Pest,11,Ehrlich,iRIS,Fort Lauderdale,FL,47191,yes
33320,58,Ft Lauderdale Pest,11,Ehrlich,iRIS,Fort Lauderdale,FL,0,yes
33321,58,Ft Lauderdale Pest,11,Ehrlich,iRIS,Fort Lauderdale,FL,47039,yes
33322,58,Ft Lauderdale Pest,11,Ehrlich,iRIS,Fort Lauderdale,FL,38996,yes
33323,58,Ft Lauderdale Pest,11,Ehrlich,iRIS,Fort Lauderdale,FL,19995,yes
33324,58,Ft Lauderdale Pest,11,Ehrlich,iRIS,Fort Lauderdale,FL,46119,yes
33325,58,Ft Lauderdale Pest,11,Ehrlich,iRIS,Fort Lauderdale,FL,29622,yes
33326,58,Ft Lauderdale Pest,11,Ehrlich,iRIS,Fort Lauderdale,FL,33558,yes
33327,58,Ft Lauderdale Pest,11,Ehrlich,iRIS,Fort Lauderdale,FL,23895,yes
33328,58,Ft Lauderdale Pest,11,Ehrlich,iRIS,Fort Lauderdale,FL,29233,yes
33329,58,Ft Lauderdale Pest,11,Ehrlich,iRIS,Fort Lauderdale,FL,0,yes
33330,58,Ft Lauderdale Pest,11,Ehrlich,iRIS,Fort Lauderdale,FL,14314,yes
33331,58,Ft Lauderdale Pest,11,Ehrlich,iRIS,Fort Lauderdale,FL,24151,yes
33332,58,Ft Lauderdale Pest,11,Ehrlich,iRIS,Fort Lauderdale,FL,11350,yes
33334,58,Ft Lauderdale Pest,11,Ehrlich,iRIS,Fort Lauderdale,FL,30307,yes
33335,58,Ft Lauderdale Pest,11,Ehrlich,iRIS,Fort Lauderdale,FL,0,yes
33336,58,Ft Lauderdale Pest,11,Ehrlich,iRIS,Fort Lauderdale,FL,0,yes
33337,58,Ft Lauderdale Pest,11,Ehrlich,iRIS,Fort Lauderdale,FL,0,yes
33338,58,Ft Lauderdale Pest,11,Ehrlich,iRIS,Fort Lauderdale,FL,0,yes
33339,58,Ft Lauderdale Pest,11,Ehrlich,iRIS,Fort Lauderdale,FL,0,yes
33340,51,Ft Myers Pest,11,Ehrlich,iRIS,Fort Lauderdale,FL,0,yes
33345,58,Ft Lauderdale Pest,11,Ehrlich,iRIS,Fort Lauderdale,FL,0,yes
33346,58,Ft Lauderdale Pest,11,Ehrlich,iRIS,Fort Lauderdale,FL,0,yes
33348,58,Ft Lauderdale Pest,11,Ehrlich,iRIS,Fort Lauderdale,FL,0,yes
33349,58,Ft Lauderdale Pest,11,Ehrlich,iRIS,Fort Lauderdale,FL,0,yes
33351,58,Ft Lauderdale Pest,11,Ehrlich,iRIS,Fort Lauderdale,FL,35386,yes
33355,58,Ft Lauderdale Pest,11,Ehrlich,iRIS,Fort Lauderdale,FL,0,yes
33359,58,Ft Lauderdale Pest,11,Ehrlich,iRIS,Fort Lauderdale,FL,0,yes
33388,58,Ft Lauderdale Pest,11,Ehrlich,iRIS,Plantation,FL,0,yes
33394,58,Ft Lauderdale Pest,11,Ehrlich,iRIS,Fort Lauderdale,FL,0,yes
33401,58,Ft Lauderdale Pest,11,Ehrlich,iRIS,West Palm Beach,FL,26501,yes
33402,58,Ft Lauderdale Pest,11,Ehrlich,iRIS,West Palm Beach,FL,0,yes
33403,58,Ft Lauderdale Pest,11,Ehrlich,iRIS,West Palm Beach,FL,12537,yes
33404,58,Ft Lauderdale Pest,11,Ehrlich,iRIS,West Palm Beach,FL,28039,yes
33405,58,Ft Lauderdale Pest,11,Ehrlich,iRIS,West Palm Beach,FL,20972,yes
33406,58,Ft Lauderdale Pest,11,Ehrlich,iRIS,West Palm Beach,FL,25709,yes
33407,99,Miami Pest,11,Ehrlich,iRIS,West Palm Beach,FL,30311,yes
33408,58,Ft Lauderdale Pest,11,Ehrlich,iRIS,North Palm Beach,FL,17652,yes
33409,58,Ft Lauderdale Pest,11,Ehrlich,iRIS,West Palm Beach,FL,31318,yes
33410,58,Ft Lauderdale Pest,11,Ehrlich,iRIS,Palm Beach Gardens,FL,36019,yes
33411,58,Ft Lauderdale Pest,11,Ehrlich,iRIS,West Palm Beach,FL,68557,yes
33412,58,Ft Lauderdale Pest,11,Ehrlich,iRIS,West Palm Beach,FL,13654,yes
33413,58,Ft Lauderdale Pest,11,Ehrlich,iRIS,West Palm Beach,FL,15865,yes
33414,58,Ft Lauderdale Pest,11,Ehrlich,iRIS,Wellington,FL,58530,yes
33415,58,Ft Lauderdale Pest,11,Ehrlich,iRIS,West Palm Beach,FL,49938,yes
33416,58,Ft Lauderdale Pest,11,Ehrlich,iRIS,West Palm Beach,FL,0,yes
33417,58,Ft Lauderdale Pest,11,Ehrlich,iRIS,West Palm Beach,FL,31873,yes
33418,58,Ft Lauderdale Pest,11,Ehrlich,iRIS,Palm Beach Gardens,FL,37716,yes
33419,58,Ft Lauderdale Pest,11,Ehrlich,iRIS,West Palm Beach,FL,0,yes
33420,58,Ft Lauderdale Pest,11,Ehrlich,iRIS,West Palm Beach,FL,0,yes
33421,58,Ft Lauderdale Pest,11,Ehrlich,iRIS,Royal Palm Beach,FL,0,yes
33422,58,Ft Lauderdale Pest,11,Ehrlich,iRIS,West Palm Beach,FL,0,yes
33424,58,Ft Lauderdale Pest,11,Ehrlich,iRIS,Boynton Beach,FL,0,yes
33425,58,Ft Lauderdale Pest,11,Ehrlich,iRIS,Boynton Beach,FL,0,yes
33426,58,Ft Lauderdale Pest,11,Ehrlich,iRIS,Boynton Beach,FL,21739,yes
33427,58,Ft Lauderdale Pest,11,Ehrlich,iRIS,Boca Raton,FL,0,yes
33428,58,Ft Lauderdale Pest,11,Ehrlich,iRIS,Boca Raton,FL,39853,yes
33429,58,Ft Lauderdale Pest,11,Ehrlich,iRIS,Boca Raton,FL,0,yes
33431,58,Ft Lauderdale Pest,11,Ehrlich,iRIS,Boca Raton,FL,18535,yes
33432,58,Ft Lauderdale Pest,11,Ehrlich,iRIS,Boca Raton,FL,20284,yes
33433,58,Ft Lauderdale Pest,11,Ehrlich,iRIS,Boca Raton,FL,42445,yes
33434,58,Ft Lauderdale Pest,11,Ehrlich,iRIS,Boca Raton,FL,20438,yes
33435,58,Ft Lauderdale Pest,11,Ehrlich,iRIS,Boynton Beach,FL,34304,yes
33436,58,Ft Lauderdale Pest,11,Ehrlich,iRIS,Boynton Beach,FL,43911,yes
33437,58,Ft Lauderdale Pest,11,Ehrlich,iRIS,Boynton Beach,FL,38644,yes
33438,58,Ft Lauderdale Pest,11,Ehrlich,iRIS,Canal Point,FL,384,yes
33439,58,Ft Lauderdale Pest,11,Ehrlich,iRIS,Canal Point,FL,0,yes
33440,51,Ft Myers Pest,11,Ehrlich,iRIS,Clewiston,FL,20048,yes
33441,58,Ft Lauderdale Pest,11,Ehrlich,iRIS,Deerfield Beach,FL,26959,yes
33442,58,Ft Lauderdale Pest,11,Ehrlich,iRIS,Deerfield Beach,FL,29192,yes
33443,58,Ft Lauderdale Pest,11,Ehrlich,iRIS,Deerfield Beach,FL,0,yes
33444,58,Ft Lauderdale Pest,11,Ehrlich,iRIS,Delray Beach,FL,22980,yes
33445,58,Ft Lauderdale Pest,11,Ehrlich,iRIS,Delray Beach,FL,31141,yes
33446,58,Ft Lauderdale Pest,11,Ehrlich,iRIS,Delray Beach,FL,22881,yes
33447,58,Ft Lauderdale Pest,11,Ehrlich,iRIS,Delray Beach,FL,0,yes
33448,58,Ft Lauderdale Pest,11,Ehrlich,iRIS,Delray Beach,FL,0,yes
33449,58,Ft Lauderdale Pest,11,Ehrlich,iRIS,Lake Worth,FL,11843,yes
33454,58,Ft Lauderdale Pest,11,Ehrlich,iRIS,Greenacres,FL,0,yes
33455,58,Ft Lauderdale Pest,11,Ehrlich,iRIS,Hobe Sound,FL,22804,yes
33458,58,Ft Lauderdale Pest,11,Ehrlich,iRIS,Jupiter,FL,53987,yes
33459,58,Ft Lauderdale Pest,11,Ehrlich,iRIS,Lake Harbor,FL,0,yes
33460,58,Ft Lauderdale Pest,11,Ehrlich,iRIS,Lake Worth,FL,31427,yes
33461,58,Ft Lauderdale Pest,11,Ehrlich,iRIS,Lake Worth,FL,44102,yes
33462,58,Ft Lauderdale Pest,11,Ehrlich,iRIS,Lake Worth,FL,33183,yes
33463,58,Ft Lauderdale Pest,11,Ehrlich,iRIS,Lake Worth,FL,59303,yes
33464,58,Ft Lauderdale Pest,11,Ehrlich,iRIS,Boca Raton,FL,0,yes
33465,58,Ft Lauderdale Pest,11,Ehrlich,iRIS,Lake Worth,FL,0,yes
33466,58,Ft Lauderdale Pest,11,Ehrlich,iRIS,Lake Worth,FL,0,yes
33467,58,Ft Lauderdale Pest,11,Ehrlich,iRIS,Lake Worth,FL,51099,yes
33468,58,Ft Lauderdale Pest,11,Ehrlich,iRIS,Jupiter,FL,0,yes
33469,58,Ft Lauderdale Pest,11,Ehrlich,iRIS,Jupiter,FL,15429,yes
33470,58,Ft Lauderdale Pest,11,Ehrlich,iRIS,Loxahatchee,FL,25888,yes
33471,51,Ft Myers Pest,11,Ehrlich,iRIS,Moore Haven,FL,7729,yes
33472,58,Ft Lauderdale Pest,11,Ehrlich,iRIS,Boynton Beach,FL,19540,yes
33473,58,Ft Lauderdale Pest,11,Ehrlich,iRIS,Boynton Beach,FL,9954,yes
33474,58,Ft Lauderdale Pest,11,Ehrlich,iRIS,Boynton Beach,FL,0,yes
33475,58,Ft Lauderdale Pest,11,Ehrlich,iRIS,Hobe Sound,FL,0,yes
33477,58,Ft Lauderdale Pest,11,Ehrlich,iRIS,Jupiter,FL,13910,yes
33478,58,Ft Lauderdale Pest,11,Ehrlich,iRIS,Jupiter,FL,12409,yes
33480,58,Ft Lauderdale Pest,11,Ehrlich,iRIS,Palm Beach,FL,9844,yes
33481,58,Ft Lauderdale Pest,11,Ehrlich,iRIS,Boca Raton,FL,0,yes
33482,58,Ft Lauderdale Pest,11,Ehrlich,iRIS,Delray Beach,FL,0,yes
33483,58,Ft Lauderdale Pest,11,Ehrlich,iRIS,Delray Beach,FL,11566,yes
33484,58,Ft Lauderdale Pest,11,Ehrlich,iRIS,Delray Beach,FL,24651,yes
33486,58,Ft Lauderdale Pest,11,Ehrlich,iRIS,Boca Raton,FL,24118,yes
33487,58,Ft Lauderdale Pest,11,Ehrlich,iRIS,Boca Raton,FL,18336,yes
33488,58,Ft Lauderdale Pest,11,Ehrlich,iRIS,Boca Raton,FL,0,yes
33496,58,Ft Lauderdale Pest,11,Ehrlich,iRIS,Boca Raton,FL,22210,yes
33497,58,Ft Lauderdale Pest,11,Ehrlich,iRIS,Boca Raton,FL,0,yes
33498,58,Ft Lauderdale Pest,11,Ehrlich,iRIS,Boca Raton,FL,14105,yes
33499,58,Ft Lauderdale Pest,11,Ehrlich,iRIS,Boca Raton,FL,0,yes
33523,52,Tampa Pest,11,Ehrlich,iRIS,Dade City,FL,17736,yes
33524,52,Tampa Pest,11,Ehrlich,iRIS,Crystal Springs,FL,0,yes
33525,52,Tampa Pest,11,Ehrlich,iRIS,Dade City,FL,19163,yes
33526,52,Tampa Pest,11,Ehrlich,iRIS,Dade City,FL,0,yes
33534,52,Tampa Pest,11,Ehrlich,iRIS,Gibsonton,FL,16205,yes
33539,52,Tampa Pest,11,Ehrlich,iRIS,Zephyrhills,FL,0,yes
33540,52,Tampa Pest,11,Ehrlich,iRIS,Zephyrhills,FL,8741,yes
33541,52,Tampa Pest,11,Ehrlich,iRIS,Zephyrhills,FL,19374,yes
33542,52,Tampa Pest,11,Ehrlich,iRIS,Zephyrhills,FL,19826,yes
33543,52,Tampa Pest,11,Ehrlich,iRIS,Wesley Chapel,FL,24117,yes
33544,52,Tampa Pest,11,Ehrlich,iRIS,Wesley Chapel,FL,25477,yes
33545,52,Tampa Pest,11,Ehrlich,iRIS,Wesley Chapel,FL,16967,yes
33548,52,Tampa Pest,11,Ehrlich,iRIS,Lutz,FL,6473,yes
33549,52,Tampa Pest,11,Ehrlich,iRIS,Lutz,FL,16602,yes
33556,52,Tampa Pest,11,Ehrlich,iRIS,Odessa,FL,21932,yes
33558,52,Tampa Pest,11,Ehrlich,iRIS,Lutz,FL,21405,yes
33559,52,Tampa Pest,11,Ehrlich,iRIS,Lutz,FL,17426,yes
33587,52,Tampa Pest,11,Ehrlich,iRIS,Sydney,FL,0,yes
33680,52,Tampa Pest,11,Ehrlich,iRIS,Tampa,FL,0,yes
33825,51,Ft Myers Pest,11,Ehrlich,iRIS,Avon Park,FL,26187,yes
33826,51,Ft Myers Pest,11,Ehrlich,iRIS,Avon Park,FL,0,yes
33834,51,Ft Myers Pest,11,Ehrlich,iRIS,Bowling Green,FL,7981,yes
33839,52,Tampa Pest,11,Ehrlich,iRIS,Eagle Lake,FL,2787,yes
33841,52,Tampa Pest,11,Ehrlich,iRIS,Fort Meade,FL,9005,yes
33852,51,Ft Myers Pest,11,Ehrlich,iRIS,Lake Placid,FL,20182,yes
33857,51,Ft Myers Pest,11,Ehrlich,iRIS,Lorida,FL,1597,yes
33862,51,Ft Myers Pest,11,Ehrlich,iRIS,Lake Placid,FL,0,yes
33865,51,Ft Myers Pest,11,Ehrlich,iRIS,Ona,FL,426,yes
33870,51,Ft Myers Pest,11,Ehrlich,iRIS,Sebring,FL,21036,yes
33871,51,Ft Myers Pest,11,Ehrlich,iRIS,Sebring,FL,0,yes
33872,51,Ft Myers Pest,11,Ehrlich,iRIS,Sebring,FL,16134,yes
33873,51,Ft Myers Pest,11,Ehrlich,iRIS,Wauchula,FL,13841,yes
33875,51,Ft Myers Pest,11,Ehrlich,iRIS,Sebring,FL,10245,yes
33876,51,Ft Myers Pest,11,Ehrlich,iRIS,Sebring,FL,4510,yes
33900,51,Ft Myers Pest,11,Ehrlich,iRIS,Fort Myers,FL,0,yes
33901,51,Ft Myers Pest,11,Ehrlich,iRIS,Fort Myers,FL,20108,yes
33902,51,Ft Myers Pest,11,Ehrlich,iRIS,Fort Myers,FL,0,yes
33903,51,Ft Myers Pest,11,Ehrlich,iRIS,North Fort Myers,FL,21738,yes
33904,51,Ft Myers Pest,11,Ehrlich,iRIS,Cape Coral,FL,32494,yes
33905,51,Ft Myers Pest,11,Ehrlich,iRIS,Fort Myers,FL,35997,yes
33906,51,Ft Myers Pest,11,Ehrlich,iRIS,Fort Myers,FL,0,yes
33907,51,Ft Myers Pest,11,Ehrlich,iRIS,Fort Myers,FL,22991,yes
33908,51,Ft Myers Pest,11,Ehrlich,iRIS,Fort Myers,FL,35728,yes
33909,51,Ft Myers Pest,11,Ehrlich,iRIS,Cape Coral,FL,26748,yes
33910,51,Ft Myers Pest,11,Ehrlich,iRIS,Cape Coral,FL,0,yes
33911,51,Ft Myers Pest,11,Ehrlich,iRIS,Fort Myers,FL,0,yes
33912,51,Ft Myers Pest,11,Ehrlich,iRIS,Fort Myers,FL,16555,yes
33913,51,Ft Myers Pest,11,Ehrlich,iRIS,Fort Myers,FL,19673,yes
33914,51,Ft Myers Pest,11,Ehrlich,iRIS,Cape Coral,FL,36854,yes
33915,51,Ft Myers Pest,11,Ehrlich,iRIS,Cape Coral,FL,0,yes
33916,51,Ft Myers Pest,11,Ehrlich,iRIS,Fort Myers,FL,22130,yes
33917,51,Ft Myers Pest,11,Ehrlich,iRIS,North Fort Myers,FL,29254,yes
33918,51,Ft Myers Pest,11,Ehrlich,iRIS,North Fort Myers,FL,0,yes
33919,51,Ft Myers Pest,11,Ehrlich,iRIS,Fort Myers,FL,28784,yes
33920,51,Ft Myers Pest,11,Ehrlich,iRIS,Alva,FL,5218,yes
33921,51,Ft Myers Pest,11,Ehrlich,iRIS,Boca Grande,FL,1065,yes
33922,51,Ft Myers Pest,11,Ehrlich,iRIS,Bokeelia,FL,3434,yes
33924,51,Ft Myers Pest,11,Ehrlich,iRIS,Captiva,FL,233,yes
33927,51,Ft Myers Pest,11,Ehrlich,iRIS,El Jobean,FL,0,yes
33928,51,Ft Myers Pest,11,Ehrlich,iRIS,Estero,FL,23428,yes
33929,51,Ft Myers Pest,11,Ehrlich,iRIS,Estero,FL,0,yes
33930,51,Ft Myers Pest,11,Ehrlich,iRIS,Felda,FL,789,yes
33931,51,Ft Myers Pest,11,Ehrlich,iRIS,Fort Myers Beach,FL,10263,yes
33932,51,Ft Myers Pest,11,Ehrlich,iRIS,Fort Myers Beach,FL,0,yes
33935,51,Ft Myers Pest,11,Ehrlich,iRIS,Labelle,FL,19242,yes
33936,51,Ft Myers Pest,11,Ehrlich,iRIS,Lehigh Acres,FL,20619,yes
33938,51,Ft Myers Pest,11,Ehrlich,iRIS,Murdock,FL,0,yes
33944,51,Ft Myers Pest,11,Ehrlich,iRIS,Palmdale,FL,491,yes
33945,51,Ft Myers Pest,11,Ehrlich,iRIS,Pineland,FL,0,yes
33946,51,Ft Myers Pest,11,Ehrlich,iRIS,Placida,FL,2052,yes
33947,51,Ft Myers Pest,11,Ehrlich,iRIS,Rotonda West,FL,8739,yes
33948,51,Ft Myers Pest,11,Ehrlich,iRIS,Port Charlotte,FL,16570,yes
33949,51,Ft Myers Pest,11,Ehrlich,iRIS,Port Charlotte,FL,0,yes
33950,51,Ft Myers Pest,11,Ehrlich,iRIS,Punta Gorda,FL,20697,yes
33951,51,Ft Myers Pest,11,Ehrlich,iRIS,Punta Gorda,FL,0,yes
33952,51,Ft Myers Pest,11,Ehrlich,iRIS,Port Charlotte,FL,31044,yes
33953,51,Ft Myers Pest,11,Ehrlich,iRIS,Port Charlotte,FL,6454,yes
33954,51,Ft Myers Pest,11,Ehrlich,iRIS,Port Charlotte,FL,8329,yes
33955,51,Ft Myers Pest,11,Ehrlich,iRIS,Punta Gorda,FL,10912,yes
33956,51,Ft Myers Pest,11,Ehrlich,iRIS,Saint James City,FL,3667,yes
33957,51,Ft Myers Pest,11,Ehrlich,iRIS,Sanibel,FL,7044,yes
33960,51,Ft Myers Pest,11,Ehrlich,iRIS,Venus,FL,698,yes
33965,51,Ft Myers Pest,11,Ehrlich,iRIS,Fort Myers,FL,1539,yes
33966,51,Ft Myers Pest,11,Ehrlich,iRIS,Fort Myers,FL,9431,yes
33967,51,Ft Myers Pest,11,Ehrlich,iRIS,Fort Myers,FL,23600,yes
33970,51,Ft Myers Pest,11,Ehrlich,iRIS,Lehigh Acres,FL,0,yes
33971,51,Ft Myers Pest,11,Ehrlich,iRIS,Lehigh Acres,FL,24681,yes
33972,51,Ft Myers Pest,11,Ehrlich,iRIS,Lehigh Acres,FL,15479,yes
33973,51,Ft Myers Pest,11,Ehrlich,iRIS,Lehigh Acres,FL,14281,yes
33974,51,Ft Myers Pest,11,Ehrlich,iRIS,Lehigh Acres,FL,17560,yes
33975,51,Ft Myers Pest,11,Ehrlich,iRIS,Labelle,FL,0,yes
33976,51,Ft Myers Pest,11,Ehrlich,iRIS,Lehigh Acres,FL,17625,yes
33980,51,Ft Myers Pest,11,Ehrlich,iRIS,Punta Gorda,FL,12038,yes
33981,51,Ft Myers Pest,11,Ehrlich,iRIS,Port Charlotte,FL,9716,yes
33982,51,Ft Myers Pest,11,Ehrlich,iRIS,Punta Gorda,FL,11108,yes
33983,51,Ft Myers Pest,11,Ehrlich,iRIS,Punta Gorda,FL,15223,yes
33990,51,Ft Myers Pest,11,Ehrlich,iRIS,Cape Coral,FL,32586,yes
33991,51,Ft Myers Pest,11,Ehrlich,iRIS,Cape Coral,FL,20230,yes
33993,51,Ft Myers Pest,11,Ehrlich,iRIS,Cape Coral,FL,23312,yes
33994,51,Ft Myers Pest,11,Ehrlich,iRIS,Fort Myers,FL,0,yes
34101,51,Ft Myers Pest,11,Ehrlich,iRIS,Naples,FL,0,yes
34102,51,Ft Myers Pest,11,Ehrlich,iRIS,Naples,FL,11191,yes
34103,51,Ft Myers Pest,11,Ehrlich,iRIS,Naples,FL,12763,yes
34104,51,Ft Myers Pest,11,Ehrlich,iRIS,Naples,FL,24227,yes
34105,51,Ft Myers Pest,11,Ehrlich,iRIS,Naples,FL,16196,yes
34106,51,Ft Myers Pest,11,Ehrlich,iRIS,Naples,FL,0,yes
34107,51,Ft Myers Pest,11,Ehrlich,iRIS,Naples,FL,0,yes
34108,51,Ft Myers Pest,11,Ehrlich,iRIS,Naples,FL,16595,yes
34109,51,Ft Myers Pest,11,Ehrlich,iRIS,Naples,FL,24349,yes
34110,51,Ft Myers Pest,11,Ehrlich,iRIS,Naples,FL,23113,yes
34112,51,Ft Myers Pest,11,Ehrlich,iRIS,Naples,FL,25700,yes
34113,51,Ft Myers Pest,11,Ehrlich,iRIS,Naples,FL,18852,yes
34114,51,Ft Myers Pest,11,Ehrlich,iRIS,Naples,FL,15609,yes
34116,51,Ft Myers Pest,11,Ehrlich,iRIS,Naples,FL,35256,yes
34117,51,Ft Myers Pest,11,Ehrlich,iRIS,Naples,FL,14970,yes
34119,51,Ft Myers Pest,11,Ehrlich,iRIS,Naples,FL,29568,yes
34120,51,Ft Myers Pest,11,Ehrlich,iRIS,Naples,FL,31238,yes
34133,51,Ft Myers Pest,11,Ehrlich,iRIS,Bonita Springs,FL,0,yes
34134,51,Ft Myers Pest,11,Ehrlich,iRIS,Bonita Springs,FL,13865,yes
34135,51,Ft Myers Pest,11,Ehrlich,iRIS,Bonita Springs,FL,42580,yes
34136,51,Ft Myers Pest,11,Ehrlich,iRIS,Bonita Springs,FL,0,yes
34137,51,Ft Myers Pest,11,Ehrlich,iRIS,Copeland,FL,149,yes
34138,51,Ft Myers Pest,11,Ehrlich,iRIS,Chokoloskee,FL,130,yes
34139,51,Ft Myers Pest,11,Ehrlich,iRIS,Everglades City,FL,752,yes
34140,51,Ft Myers Pest,11,Ehrlich,iRIS,Goodland,FL,260,yes
34141,51,Ft Myers Pest,11,Ehrlich,iRIS,Ochopee,FL,56,yes
34142,51,Ft Myers Pest,11,Ehrlich,iRIS,Immokalee,FL,29287,yes
34143,51,Ft Myers Pest,11,Ehrlich,iRIS,Immokalee,FL,0,yes
34145,51,Ft Myers Pest,11,Ehrlich,iRIS,Marco Island,FL,17361,yes
34146,51,Ft Myers Pest,11,Ehrlich,iRIS,Marco Island,FL,0,yes
34201,51,Ft Myers Pest,11,Ehrlich,iRIS,Bradenton,FL,4025,yes
34202,51,Ft Myers Pest,11,Ehrlich,iRIS,Bradenton,FL,21733,yes
34203,51,Ft Myers Pest,11,Ehrlich,iRIS,Bradenton,FL,36583,yes
34204,51,Ft Myers Pest,11,Ehrlich,iRIS,Bradenton,FL,0,yes
34205,51,Ft Myers Pest,11,Ehrlich,iRIS,Bradenton,FL,30823,yes
34206,51,Ft Myers Pest,11,Ehrlich,iRIS,Bradenton,FL,0,yes
34207,51,Ft Myers Pest,11,Ehrlich,iRIS,Bradenton,FL,34260,yes
34208,51,Ft Myers Pest,11,Ehrlich,iRIS,Bradenton,FL,38366,yes
34209,51,Ft Myers Pest,11,Ehrlich,iRIS,Bradenton,FL,34324,yes
34210,51,Ft Myers Pest,11,Ehrlich,iRIS,Bradenton,FL,17462,yes
34211,51,Ft Myers Pest,11,Ehrlich,iRIS,Bradenton,FL,5358,yes
34212,51,Ft Myers Pest,11,Ehrlich,iRIS,Bradenton,FL,16827,yes
34215,51,Ft Myers Pest,11,Ehrlich,iRIS,Cortez,FL,316,yes
34217,51,Ft Myers Pest,11,Ehrlich,iRIS,Bradenton Beach,FL,5026,yes
34218,51,Ft Myers Pest,11,Ehrlich,iRIS,Holmes Beach,FL,0,yes
34219,51,Ft Myers Pest,11,Ehrlich,iRIS,Parrish,FL,21769,yes
34221,51,Ft Myers Pest,11,Ehrlich,iRIS,Palmetto,FL,42159,yes
34222,51,Ft Myers Pest,11,Ehrlich,iRIS,Ellenton,FL,11161,yes
34223,51,Ft Myers Pest,11,Ehrlich,iRIS,Englewood,FL,16667,yes
34224,51,Ft Myers Pest,11,Ehrlich,iRIS,Englewood,FL,15783,yes
34228,51,Ft Myers Pest,11,Ehrlich,iRIS,Longboat Key,FL,7158,yes
34229,51,Ft Myers Pest,11,Ehrlich,iRIS,Osprey,FL,7505,yes
34230,51,Ft Myers Pest,11,Ehrlich,iRIS,Sarasota,FL,0,yes
34231,51,Ft Myers Pest,11,Ehrlich,iRIS,Sarasota,FL,29687,yes
34232,51,Ft Myers Pest,11,Ehrlich,iRIS,Sarasota,FL,34433,yes
34233,51,Ft Myers Pest,11,Ehrlich,iRIS,Sarasota,FL,17536,yes
34234,51,Ft Myers Pest,11,Ehrlich,iRIS,Sarasota,FL,21405,yes
34235,51,Ft Myers Pest,11,Ehrlich,iRIS,Sarasota,FL,14426,yes
34236,51,Ft Myers Pest,11,Ehrlich,iRIS,Sarasota,FL,12157,yes
34237,51,Ft Myers Pest,11,Ehrlich,iRIS,Sarasota,FL,17456,yes
34238,51,Ft Myers Pest,11,Ehrlich,iRIS,Sarasota,FL,18429,yes
34239,51,Ft Myers Pest,11,Ehrlich,iRIS,Sarasota,FL,14993,yes
34240,51,Ft Myers Pest,11,Ehrlich,iRIS,Sarasota,FL,11463,yes
34241,51,Ft Myers Pest,11,Ehrlich,iRIS,Sarasota,FL,14074,yes
34242,51,Ft Myers Pest,11,Ehrlich,iRIS,Sarasota,FL,7566,yes
34243,51,Ft Myers Pest,11,Ehrlich,iRIS,Sarasota,FL,29158,yes
34249,51,Ft Myers Pest,11,Ehrlich,iRIS,Sarasota,FL,0,yes
34251,51,Ft Myers Pest,11,Ehrlich,iRIS,Myakka City,FL,5247,yes
34260,51,Ft Myers Pest,11,Ehrlich,iRIS,Sarasota,FL,0,yes
34264,51,Ft Myers Pest,11,Ehrlich,iRIS,Oneco,FL,0,yes
34265,51,Ft Myers Pest,11,Ehrlich,iRIS,Arcadia,FL,0,yes
34266,51,Ft Myers Pest,11,Ehrlich,iRIS,Arcadia,FL,31040,yes
34267,51,Ft Myers Pest,11,Ehrlich,iRIS,Fort Ogden,FL,0,yes
34268,51,Ft Myers Pest,11,Ehrlich,iRIS,Nocatee,FL,68,yes
34269,51,Ft Myers Pest,11,Ehrlich,iRIS,Arcadia,FL,4087,yes
34274,51,Ft Myers Pest,11,Ehrlich,iRIS,Nokomis,FL,0,yes
34275,51,Ft Myers Pest,11,Ehrlich,iRIS,Nokomis,FL,18040,yes
34276,51,Ft Myers Pest,11,Ehrlich,iRIS,Sarasota,FL,0,yes
34277,51,Ft Myers Pest,11,Ehrlich,iRIS,Sarasota,FL,0,yes
34278,51,Ft Myers Pest,11,Ehrlich,iRIS,Sarasota,FL,0,yes
34280,51,Ft Myers Pest,11,Ehrlich,iRIS,Bradenton,FL,0,yes
34281,51,Ft Myers Pest,11,Ehrlich,iRIS,Bradenton,FL,0,yes
34282,51,Ft Myers Pest,11,Ehrlich,iRIS,Bradenton,FL,0,yes
34285,51,Ft Myers Pest,11,Ehrlich,iRIS,Venice,FL,18462,yes
34286,51,Ft Myers Pest,11,Ehrlich,iRIS,North Port,FL,20726,yes
34287,51,Ft Myers Pest,11,Ehrlich,iRIS,North Port,FL,25450,yes
34288,51,Ft Myers Pest,11,Ehrlich,iRIS,North Port,FL,10825,yes
34289,51,Ft Myers Pest,11,Ehrlich,iRIS,North Port,FL,2329,yes
34290,51,Ft Myers Pest,11,Ehrlich,iRIS,North Port,FL,0,yes
34291,51,Ft Myers Pest,11,Ehrlich,iRIS,North Port,FL,5901,yes
34292,51,Ft Myers Pest,11,Ehrlich,iRIS,Venice,FL,15784,yes
34293,51,Ft Myers Pest,11,Ehrlich,iRIS,Venice,FL,35624,yes
34601,52,Tampa Pest,11,Ehrlich,iRIS,Brooksville,FL,21186,yes
34602,52,Tampa Pest,11,Ehrlich,iRIS,Brooksville,FL,7331,yes
34603,52,Tampa Pest,11,Ehrlich,iRIS,Brooksville,FL,0,yes
34604,52,Tampa Pest,11,Ehrlich,iRIS,Brooksville,FL,10510,yes
34605,52,Tampa Pest,11,Ehrlich,iRIS,Brooksville,FL,0,yes
34606,52,Tampa Pest,11,Ehrlich,iRIS,Spring Hill,FL,25940,yes
34607,52,Tampa Pest,11,Ehrlich,iRIS,Spring Hill,FL,8772,yes
34608,52,Tampa Pest,11,Ehrlich,iRIS,Spring Hill,FL,33554,yes
34609,52,Tampa Pest,11,Ehrlich,iRIS,Spring Hill,FL,38775,yes
34610,52,Tampa Pest,11,Ehrlich,iRIS,Spring Hill,FL,13276,yes
34611,52,Tampa Pest,11,Ehrlich,iRIS,Spring Hill,FL,0,yes
34613,52,Tampa Pest,11,Ehrlich,iRIS,Brooksville,FL,17801,yes
34614,52,Tampa Pest,11,Ehrlich,iRIS,Brooksville,FL,6857,yes
34637,52,Tampa Pest,11,Ehrlich,iRIS,Land O Lakes,FL,7981,yes
34638,52,Tampa Pest,11,Ehrlich,iRIS,Land O Lakes,FL,25073,yes
34639,52,Tampa Pest,11,Ehrlich,iRIS,Land O Lakes,FL,26816,yes
34652,52,Tampa Pest,11,Ehrlich,iRIS,New Port Richey,FL,23592,yes
34653,52,Tampa Pest,11,Ehrlich,iRIS,New Port Richey,FL,34516,yes
34654,52,Tampa Pest,11,Ehrlich,iRIS,New Port Richey,FL,22502,yes
34655,52,Tampa Pest,11,Ehrlich,iRIS,New Port Richey,FL,38844,yes
34656,52,Tampa Pest,11,Ehrlich,iRIS,New Port Richey,FL,0,yes
34667,52,Tampa Pest,11,Ehrlich,iRIS,Hudson,FL,32610,yes
34668,52,Tampa Pest,11,Ehrlich,iRIS,Port Richey,FL,44664,yes
34669,52,Tampa Pest,11,Ehrlich,iRIS,Hudson,FL,12192,yes
34673,52,Tampa Pest,11,Ehrlich,iRIS,Port Richey,FL,0,yes
34674,52,Tampa Pest,11,Ehrlich,iRIS,Hudson,FL,0,yes
34679,52,Tampa Pest,11,Ehrlich,iRIS,Aripeka,FL,75,yes
34682,52,Tampa Pest,11,Ehrlich,iRIS,Palm Harbor,FL,0,yes
34683,52,Tampa Pest,11,Ehrlich,iRIS,Palm Harbor,FL,32292,yes
34684,52,Tampa Pest,11,Ehrlich,iRIS,Palm Harbor,FL,28148,yes
34685,52,Tampa Pest,11,Ehrlich,iRIS,Palm Harbor,FL,18434,yes
34688,52,Tampa Pest,11,Ehrlich,iRIS,Tarpon Springs,FL,7245,yes
34689,52,Tampa Pest,11,Ehrlich,iRIS,Tarpon Springs,FL,27173,yes
34945,58,Ft Lauderdale Pest,11,Ehrlich,iRIS,Fort Pierce,FL,5774,yes
34946,58,Ft Lauderdale Pest,11,Ehrlich,iRIS,Fort Pierce,FL,6753,yes
34947,58,Ft Lauderdale Pest,11,Ehrlich,iRIS,Fort Pierce,FL,13276,yes
34948,58,Ft Lauderdale Pest,11,Ehrlich,iRIS,Fort Pierce,FL,0,yes
34949,58,Ft Lauderdale Pest,11,Ehrlich,iRIS,Fort Pierce,FL,7239,yes
34950,58,Ft Lauderdale Pest,11,Ehrlich,iRIS,Fort Pierce,FL,15099,yes
34951,58,Ft Lauderdale Pest,11,Ehrlich,iRIS,Fort Pierce,FL,14993,yes
34952,58,Ft Lauderdale Pest,11,Ehrlich,iRIS,Port Saint Lucie,FL,38951,yes
34953,58,Ft Lauderdale Pest,11,Ehrlich,iRIS,Port Saint Lucie,FL,66911,yes
34954,58,Ft Lauderdale Pest,11,Ehrlich,iRIS,Fort Pierce,FL,0,yes
34956,58,Ft Lauderdale Pest,11,Ehrlich,iRIS,Indiantown,FL,9970,yes
34957,58,Ft Lauderdale Pest,11,Ehrlich,iRIS,Jensen Beach,FL,22071,yes
34958,58,Ft Lauderdale Pest,11,Ehrlich,iRIS,Jensen Beach,FL,0,yes
34979,58,Ft Lauderdale Pest,11,Ehrlich,iRIS,Fort Pierce,FL,0,yes
34981,58,Ft Lauderdale Pest,11,Ehrlich,iRIS,Fort Pierce,FL,5787,yes
34983,58,Ft Lauderdale Pest,11,Ehrlich,iRIS,Port Saint Lucie,FL,41469,yes
34984,58,Ft Lauderdale Pest,11,Ehrlich,iRIS,Port Saint Lucie,FL,15023,yes
34985,58,Ft Lauderdale Pest,11,Ehrlich,iRIS,Port Saint Lucie,FL,0,yes
34986,58,Ft Lauderdale Pest,11,Ehrlich,iRIS,Port Saint Lucie,FL,24100,yes
34987,58,Ft Lauderdale Pest,11,Ehrlich,iRIS,Port Saint Lucie,FL,7167,yes
34988,58,Ft Lauderdale Pest,11,Ehrlich,iRIS,Port Saint Lucie,FL,0,yes
34991,58,Ft Lauderdale Pest,11,Ehrlich,iRIS,Palm City,FL,0,yes
34992,58,Ft Lauderdale Pest,11,Ehrlich,iRIS,Port Salerno,FL,0,yes
34994,58,Ft Lauderdale Pest,11,Ehrlich,iRIS,Stuart,FL,16955,yes
34995,58,Ft Lauderdale Pest,11,Ehrlich,iRIS,Stuart,FL,0,yes
34996,58,Ft Lauderdale Pest,11,Ehrlich,iRIS,Stuart,FL,11039,yes
34997,58,Ft Lauderdale Pest,11,Ehrlich,iRIS,Stuart,FL,42971,yes
37304,232,Knoxville Pest,14,Ehrlich,iRIS,Bakewell,TN,0,yes
37305,232,Knoxville Pest,14,Ehrlich,iRIS,Beersheba Springs,TN,938,yes
37307,232,Knoxville Pest,14,Ehrlich,iRIS,Benton,TN,5160,yes
37308,232,Knoxville Pest,14,Ehrlich,iRIS,Birchwood,TN,2858,yes
37309,232,Knoxville Pest,14,Ehrlich,iRIS,Calhoun,TN,2348,yes
37310,232,Knoxville Pest,14,Ehrlich,iRIS,Charleston,TN,4706,yes
37311,232,Knoxville Pest,14,Ehrlich,iRIS,Cleveland,TN,28200,yes
37313,232,Knoxville Pest,14,Ehrlich,iRIS,Coalmont,TN,1547,yes
37314,232,Knoxville Pest,14,Ehrlich,iRIS,Coker Creek,TN,0,yes
37315,232,Knoxville Pest,14,Ehrlich,iRIS,Collegedale,TN,1463,yes
37316,232,Knoxville Pest,14,Ehrlich,iRIS,Conasauga,TN,0,yes
37317,232,Knoxville Pest,14,Ehrlich,iRIS,Copperhill,TN,2733,yes
37320,232,Knoxville Pest,14,Ehrlich,iRIS,Cleveland,TN,0,yes
37321,232,Knoxville Pest,14,Ehrlich,iRIS,Dayton,TN,18942,yes
37322,232,Knoxville Pest,14,Ehrlich,iRIS,Decatur,TN,7815,yes
37323,232,Knoxville Pest,14,Ehrlich,iRIS,Cleveland,TN,30990,yes
37325,232,Knoxville Pest,14,Ehrlich,iRIS,Delano,TN,1614,yes
37326,232,Knoxville Pest,14,Ehrlich,iRIS,Ducktown,TN,465,yes
37327,232,Knoxville Pest,14,Ehrlich,iRIS,Dunlap,TN,12173,yes
37329,232,Knoxville Pest,14,Ehrlich,iRIS,Englewood,TN,5955,yes
37331,232,Knoxville Pest,14,Ehrlich,iRIS,Etowah,TN,7832,yes
37332,232,Knoxville Pest,14,Ehrlich,iRIS,Evensville,TN,2825,yes
37333,232,Knoxville Pest,14,Ehrlich,iRIS,Farner,TN,630,yes
37335,232,Knoxville Pest,14,Ehrlich,iRIS,Flintville,TN,2856,yes
37336,232,Knoxville Pest,14,Ehrlich,iRIS,Georgetown,TN,4493,yes
37339,232,Knoxville Pest,14,Ehrlich,iRIS,Gruetli Laager,TN,2218,yes
37343,232,Knoxville Pest,14,Ehrlich,iRIS,Hixson,TN,42550,yes
37351,232,Knoxville Pest,14,Ehrlich,iRIS,Lupton City,TN,316,yes
37354,232,Knoxville Pest,14,Ehrlich,iRIS,Madisonville,TN,17024,yes
37361,232,Knoxville Pest,14,Ehrlich,iRIS,Ocoee,TN,1224,yes
37362,232,Knoxville Pest,14,Ehrlich,iRIS,Old Fort,TN,3249,yes
37363,232,Knoxville Pest,14,Ehrlich,iRIS,Ooltewah,TN,37995,yes
37364,232,Knoxville Pest,14,Ehrlich,iRIS,Cleveland,TN,0,yes
37365,232,Knoxville Pest,14,Ehrlich,iRIS,Palmer,TN,1132,yes
37366,232,Knoxville Pest,14,Ehrlich,iRIS,Pelham,TN,775,yes
37370,232,Knoxville Pest,14,Ehrlich,iRIS,Riceville,TN,4673,yes
37371,232,Knoxville Pest,14,Ehrlich,iRIS,Athens,TN,0,yes
37373,232,Knoxville Pest,14,Ehrlich,iRIS,Sale Creek,TN,2474,yes
37380,232,Knoxville Pest,14,Ehrlich,iRIS,South Pittsburg,TN,6610,yes
37381,232,Knoxville Pest,14,Ehrlich,iRIS,Spring City,TN,9405,yes
37384,232,Knoxville Pest,14,Ehrlich,iRIS,Soddy Daisy,TN,0,yes
37385,232,Knoxville Pest,14,Ehrlich,iRIS,Tellico Plains,TN,8274,yes
37387,232,Knoxville Pest,14,Ehrlich,iRIS,Tracy City,TN,2953,yes
37391,232,Knoxville Pest,14,Ehrlich,iRIS,Turtletown,TN,1311,yes
37396,232,Knoxville Pest,14,Ehrlich,iRIS,Whiteside,TN,185,yes
37397,232,Knoxville Pest,14,Ehrlich,iRIS,Whitwell,TN,9799,yes
37402,232,Knoxville Pest,14,Ehrlich,iRIS,Chattanooga,TN,3878,yes
37403,232,Knoxville Pest,14,Ehrlich,iRIS,Chattanooga,TN,6957,yes
37405,232,Knoxville Pest,14,Ehrlich,iRIS,Chattanooga,TN,15772,yes
37406,232,Knoxville Pest,14,Ehrlich,iRIS,Chattanooga,TN,15043,yes
37408,232,Knoxville Pest,14,Ehrlich,iRIS,Chattanooga,TN,1518,yes
37409,232,Knoxville Pest,14,Ehrlich,iRIS,Chattanooga,TN,2729,yes
37411,232,Knoxville Pest,14,Ehrlich,iRIS,Chattanooga,TN,17810,yes
37415,232,Knoxville Pest,14,Ehrlich,iRIS,Chattanooga,TN,24513,yes
37416,232,Knoxville Pest,14,Ehrlich,iRIS,Chattanooga,TN,14490,yes
37419,232,Knoxville Pest,14,Ehrlich,iRIS,Chattanooga,TN,5910,yes
37421,232,Knoxville Pest,14,Ehrlich,iRIS,Chattanooga,TN,47810,yes
37422,232,Knoxville Pest,14,Ehrlich,iRIS,Chattanooga,TN,0,yes
37601,232,Knoxville Pest,14,Ehrlich,iRIS,Johnson City,TN,37097,yes
37602,232,Knoxville Pest,14,Ehrlich,iRIS,Johnson City,TN,0,yes
37604,232,Knoxville Pest,14,Ehrlich,iRIS,Johnson City,TN,34915,yes
37605,232,Knoxville Pest,14,Ehrlich,iRIS,Johnson City,TN,0,yes
37614,232,Knoxville Pest,14,Ehrlich,iRIS,Johnson City,TN,1945,yes
37615,232,Knoxville Pest,14,Ehrlich,iRIS,Johnson City,TN,21232,yes
37616,232,Knoxville Pest,14,Ehrlich,iRIS,Afton,TN,4638,yes
37617,232,Knoxville Pest,14,Ehrlich,iRIS,Blountville,TN,13705,yes
37618,232,Knoxville Pest,14,Ehrlich,iRIS,Bluff City,TN,13706,yes
37620,232,Knoxville Pest,14,Ehrlich,iRIS,Bristol,TN,38043,yes
37621,232,Knoxville Pest,14,Ehrlich,iRIS,Bristol,TN,0,yes
37625,232,Knoxville Pest,14,Ehrlich,iRIS,Bristol,TN,0,yes
37640,232,Knoxville Pest,14,Ehrlich,iRIS,Butler,TN,3572,yes
37641,232,Knoxville Pest,14,Ehrlich,iRIS,Chuckey,TN,9568,yes
37642,232,Knoxville Pest,14,Ehrlich,iRIS,Church Hill,TN,14647,yes
37643,232,Knoxville Pest,14,Ehrlich,iRIS,Elizabethton,TN,34100,yes
37644,232,Knoxville Pest,14,Ehrlich,iRIS,Elizabethton,TN,0,yes
37645,232,Knoxville Pest,14,Ehrlich,iRIS,Mount Carmel,TN,5098,yes
37650,232,Knoxville Pest,14,Ehrlich,iRIS,Erwin,TN,12078,yes
37656,232,Knoxville Pest,14,Ehrlich,iRIS,Fall Branch,TN,4617,yes
37657,232,Knoxville Pest,14,Ehrlich,iRIS,Flag Pond,TN,938,yes
37658,232,Knoxville Pest,14,Ehrlich,iRIS,Hampton,TN,4063,yes
37659,232,Knoxville Pest,14,Ehrlich,iRIS,Jonesborough,TN,27397,yes
37660,232,Knoxville Pest,14,Ehrlich,iRIS,Kingsport,TN,39650,yes
37662,232,Knoxville Pest,14,Ehrlich,iRIS,Kingsport,TN,0,yes
37664,232,Knoxville Pest,14,Ehrlich,iRIS,Kingsport,TN,26411,yes
37665,232,Knoxville Pest,14,Ehrlich,iRIS,Kingsport,TN,6266,yes
37669,232,Knoxville Pest,14,Ehrlich,iRIS,Kingsport,TN,0,yes
37680,232,Knoxville Pest,14,Ehrlich,iRIS,Laurel Bloomery,TN,635,yes
37681,232,Knoxville Pest,14,Ehrlich,iRIS,Limestone,TN,5810,yes
37682,232,Knoxville Pest,14,Ehrlich,iRIS,Milligan College,TN,661,yes
37684,232,Knoxville Pest,14,Ehrlich,iRIS,Mountain Home,TN,0,yes
37686,232,Knoxville Pest,14,Ehrlich,iRIS,Piney Flats,TN,7994,yes
37687,232,Knoxville Pest,14,Ehrlich,iRIS,Roan Mountain,TN,4766,yes
37688,232,Knoxville Pest,14,Ehrlich,iRIS,Shady Valley,TN,914,yes
37690,232,Knoxville Pest,14,Ehrlich,iRIS,Telford,TN,3364,yes
37691,232,Knoxville Pest,14,Ehrlich,iRIS,Trade,TN,908,yes
37692,232,Knoxville Pest,14,Ehrlich,iRIS,Unicoi,TN,4750,yes
37694,232,Knoxville Pest,14,Ehrlich,iRIS,Watauga,TN,1591,yes
37699,232,Knoxville Pest,14,Ehrlich,iRIS,Piney Flats,TN,0,yes
37701,232,Knoxville Pest,14,Ehrlich,iRIS,Alcoa,TN,7460,yes
37707,232,Knoxville Pest,14,Ehrlich,iRIS,Arthur,TN,0,yes
37708,232,Knoxville Pest,14,Ehrlich,iRIS,Bean Station,TN,6201,yes
37710,232,Knoxville Pest,14,Ehrlich,iRIS,Briceville,TN,930,yes
37711,232,Knoxville Pest,14,Ehrlich,iRIS,Bulls Gap,TN,5230,yes
37713,232,Knoxville Pest,14,Ehrlich,iRIS,Bybee,TN,1387,yes
37715,232,Knoxville Pest,14,Ehrlich,iRIS,Clairfield,TN,607,yes
37716,232,Knoxville Pest,14,Ehrlich,iRIS,Clinton,TN,25355,yes
37717,232,Knoxville Pest,14,Ehrlich,iRIS,Clinton,TN,0,yes
37725,232,Knoxville Pest,14,Ehrlich,iRIS,Dandridge,TN,16823,yes
37726,232,Knoxville Pest,14,Ehrlich,iRIS,Deer Lodge,TN,1648,yes
37727,232,Knoxville Pest,14,Ehrlich,iRIS,Del Rio,TN,2084,yes
37729,232,Knoxville Pest,14,Ehrlich,iRIS,Duff,TN,1535,yes
37730,232,Knoxville Pest,14,Ehrlich,iRIS,Eagan,TN,25,yes
37731,232,Knoxville Pest,14,Ehrlich,iRIS,Eidson,TN,599,yes
37732,232,Knoxville Pest,14,Ehrlich,iRIS,Elgin,TN,167,yes
37733,232,Knoxville Pest,14,Ehrlich,iRIS,Rugby,TN,57,yes
37738,232,Knoxville Pest,14,Ehrlich,iRIS,Gatlinburg,TN,5795,yes
37743,232,Knoxville Pest,14,Ehrlich,iRIS,Greeneville,TN,25298,yes
37744,232,Knoxville Pest,14,Ehrlich,iRIS,Greeneville,TN,0,yes
37748,232,Knoxville Pest,14,Ehrlich,iRIS,Harriman,TN,17858,yes
37753,232,Knoxville Pest,14,Ehrlich,iRIS,Hartford,TN,940,yes
37755,232,Knoxville Pest,14,Ehrlich,iRIS,Helenwood,TN,4049,yes
37756,232,Knoxville Pest,14,Ehrlich,iRIS,Huntsville,TN,2677,yes
37757,232,Knoxville Pest,14,Ehrlich,iRIS,Jacksboro,TN,9417,yes
37760,232,Knoxville Pest,14,Ehrlich,iRIS,Jefferson City,TN,12956,yes
37762,232,Knoxville Pest,14,Ehrlich,iRIS,Jellico,TN,2933,yes
37763,232,Knoxville Pest,14,Ehrlich,iRIS,Kingston,TN,15447,yes
37764,232,Knoxville Pest,14,Ehrlich,iRIS,Kodak,TN,9509,yes
37765,232,Knoxville Pest,14,Ehrlich,iRIS,Kyles Ford,TN,365,yes
37766,232,Knoxville Pest,14,Ehrlich,iRIS,La Follette,TN,18367,yes
37769,232,Knoxville Pest,14,Ehrlich,iRIS,Rocky Top,TN,5504,yes
37772,232,Knoxville Pest,14,Ehrlich,iRIS,Lenoir City,TN,11490,yes
37773,232,Knoxville Pest,14,Ehrlich,iRIS,Lone Mountain,TN,0,yes
37774,232,Knoxville Pest,14,Ehrlich,iRIS,Loudon,TN,18646,yes
37777,232,Knoxville Pest,14,Ehrlich,iRIS,Louisville,TN,11379,yes
37778,232,Knoxville Pest,14,Ehrlich,iRIS,Lowland,TN,0,yes
37801,232,Knoxville Pest,14,Ehrlich,iRIS,Maryville,TN,25212,yes
37803,232,Knoxville Pest,14,Ehrlich,iRIS,Maryville,TN,32402,yes
37804,232,Knoxville Pest,14,Ehrlich,iRIS,Maryville,TN,25623,yes
37807,232,Knoxville Pest,14,Ehrlich,iRIS,Maynardville,TN,10493,yes
37809,232,Knoxville Pest,14,Ehrlich,iRIS,Midway,TN,2349,yes
37810,232,Knoxville Pest,14,Ehrlich,iRIS,Mohawk,TN,1705,yes
37811,232,Knoxville Pest,14,Ehrlich,iRIS,Mooresburg,TN,3506,yes
37813,232,Knoxville Pest,14,Ehrlich,iRIS,Morristown,TN,16825,yes
37814,232,Knoxville Pest,14,Ehrlich,iRIS,Morristown,TN,34367,yes
37815,232,Knoxville Pest,14,Ehrlich,iRIS,Morristown,TN,0,yes
37818,232,Knoxville Pest,14,Ehrlich,iRIS,Mosheim,TN,5643,yes
37819,232,Knoxville Pest,14,Ehrlich,iRIS,Newcomb,TN,747,yes
37821,232,Knoxville Pest,14,Ehrlich,iRIS,Newport,TN,21989,yes
37822,232,Knoxville Pest,14,Ehrlich,iRIS,Newport,TN,0,yes
37824,232,Knoxville Pest,14,Ehrlich,iRIS,New Tazewell,TN,0,yes
37825,232,Knoxville Pest,14,Ehrlich,iRIS,New Tazewell,TN,8477,yes
37826,232,Knoxville Pest,14,Ehrlich,iRIS,Niota,TN,4846,yes
37829,232,Knoxville Pest,14,Ehrlich,iRIS,Oakdale,TN,1894,yes
37830,232,Knoxville Pest,14,Ehrlich,iRIS,Oak Ridge,TN,29709,yes
37831,232,Knoxville Pest,14,Ehrlich,iRIS,Oak Ridge,TN,0,yes
37840,232,Knoxville Pest,14,Ehrlich,iRIS,Oliver Springs,TN,11006,yes
37841,232,Knoxville Pest,14,Ehrlich,iRIS,Oneida,TN,9236,yes
37843,232,Knoxville Pest,14,Ehrlich,iRIS,Parrottsville,TN,3875,yes
37845,232,Knoxville Pest,14,Ehrlich,iRIS,Petros,TN,534,yes
37847,232,Knoxville Pest,14,Ehrlich,iRIS,Pioneer,TN,2506,yes
37848,232,Knoxville Pest,14,Ehrlich,iRIS,Powder Springs,TN,218,yes
37849,232,Knoxville Pest,14,Ehrlich,iRIS,Powell,TN,27229,yes
37851,232,Knoxville Pest,14,Ehrlich,iRIS,Pruden,TN,44,yes
37852,232,Knoxville Pest,14,Ehrlich,iRIS,Robbins,TN,2464,yes
37854,232,Knoxville Pest,14,Ehrlich,iRIS,Rockwood,TN,12622,yes
37857,232,Knoxville Pest,14,Ehrlich,iRIS,Rogersville,TN,20708,yes
37861,232,Knoxville Pest,14,Ehrlich,iRIS,Rutledge,TN,8735,yes
37862,232,Knoxville Pest,14,Ehrlich,iRIS,Sevierville,TN,22843,yes
37863,232,Knoxville Pest,14,Ehrlich,iRIS,Pigeon Forge,TN,6557,yes
37864,232,Knoxville Pest,14,Ehrlich,iRIS,Sevierville,TN,0,yes
37865,232,Knoxville Pest,14,Ehrlich,iRIS,Seymour,TN,21686,yes
37867,232,Knoxville Pest,14,Ehrlich,iRIS,Shawanee,TN,0,yes
37868,232,Knoxville Pest,14,Ehrlich,iRIS,Pigeon Forge,TN,0,yes
37869,232,Knoxville Pest,14,Ehrlich,iRIS,Sneedville,TN,4788,yes
37873,232,Knoxville Pest,14,Ehrlich,iRIS,Surgoinsville,TN,4419,yes
37874,232,Knoxville Pest,14,Ehrlich,iRIS,Sweetwater,TN,14873,yes
37876,232,Knoxville Pest,14,Ehrlich,iRIS,Sevierville,TN,31750,yes
37877,232,Knoxville Pest,14,Ehrlich,iRIS,Talbott,TN,9092,yes
37878,232,Knoxville Pest,14,Ehrlich,iRIS,Tallassee,TN,436,yes
37879,232,Knoxville Pest,14,Ehrlich,iRIS,Tazewell,TN,10683,yes
37880,232,Knoxville Pest,14,Ehrlich,iRIS,Ten Mile,TN,3141,yes
37885,232,Knoxville Pest,14,Ehrlich,iRIS,Vonore,TN,5307,yes
37887,232,Knoxville Pest,14,Ehrlich,iRIS,Wartburg,TN,7701,yes
37890,232,Knoxville Pest,14,Ehrlich,iRIS,White Pine,TN,6810,yes
37891,232,Knoxville Pest,14,Ehrlich,iRIS,Whitesburg,TN,3163,yes
37892,232,Knoxville Pest,14,Ehrlich,iRIS,Winfield,TN,2062,yes
37901,232,Knoxville Pest,14,Ehrlich,iRIS,Knoxville,TN,0,yes
37902,232,Knoxville Pest,14,Ehrlich,iRIS,Knoxville,TN,2180,yes
37909,232,Knoxville Pest,14,Ehrlich,iRIS,Knoxville,TN,15377,yes
37912,232,Knoxville Pest,14,Ehrlich,iRIS,Knoxville,TN,21718,yes
37914,232,Knoxville Pest,14,Ehrlich,iRIS,Knoxville,TN,20458,yes
37916,232,Knoxville Pest,14,Ehrlich,iRIS,Knoxville,TN,12868,yes
37917,232,Knoxville Pest,14,Ehrlich,iRIS,Knoxville,TN,24613,yes
37918,232,Knoxville Pest,14,Ehrlich,iRIS,Knoxville,TN,44600,yes
37919,232,Knoxville Pest,14,Ehrlich,iRIS,Knoxville,TN,28125,yes
37920,232,Knoxville Pest,14,Ehrlich,iRIS,Knoxville,TN,39875,yes
37921,232,Knoxville Pest,14,Ehrlich,iRIS,Knoxville,TN,28284,yes
37922,232,Knoxville Pest,14,Ehrlich,iRIS,Knoxville,TN,34545,yes
37923,232,Knoxville Pest,14,Ehrlich,iRIS,Knoxville,TN,29074,yes
37924,232,Knoxville Pest,14,Ehrlich,iRIS,Knoxville,TN,11163,yes
37927,232,Knoxville Pest,14,Ehrlich,iRIS,Knoxville,TN,0,yes
37928,232,Knoxville Pest,14,Ehrlich,iRIS,Knoxville,TN,0,yes
37929,232,Knoxville Pest,14,Ehrlich,iRIS,Knoxville,TN,0,yes
37930,232,Knoxville Pest,14,Ehrlich,iRIS,Knoxville,TN,0,yes
37931,232,Knoxville Pest,14,Ehrlich,iRIS,Knoxville,TN,27522,yes
37932,232,Knoxville Pest,14,Ehrlich,iRIS,Knoxville,TN,16388,yes
37933,232,Knoxville Pest,14,Ehrlich,iRIS,Knoxville,TN,0,yes
37934,232,Knoxville Pest,14,Ehrlich,iRIS,Knoxville,TN,25366,yes
37938,232,Knoxville Pest,14,Ehrlich,iRIS,Knoxville,TN,17482,yes
37939,232,Knoxville Pest,14,Ehrlich,iRIS,Knoxville,TN,0,yes
37940,232,Knoxville Pest,14,Ehrlich,iRIS,Knoxville,TN,0,yes
37950,232,Knoxville Pest,14,Ehrlich,iRIS,Knoxville,TN,0,yes
37990,232,Knoxville Pest,14,Ehrlich,iRIS,Knoxville,TN,0,yes
37995,232,Knoxville Pest,14,Ehrlich,iRIS,Knoxville,TN,0,yes
37997,232,Knoxville Pest,14,Ehrlich,iRIS,Knoxville,TN,0,yes
37998,232,Knoxville Pest,14,Ehrlich,iRIS,Knoxville,TN,0,yes
39079,232,Knoxville Pest,14,Ehrlich,iRIS,Goodman,MS,1961,yes
61081,58,Ft Lauderdale Pest,11,Ehrlich,iRIS,Sterling,IL,21468,yes
