85001,263,Metro Wst Phx & W Valley Oliver Pst,31,Western,Power7,Phoenix,AZ,0,yes
85002,263,Metro Wst Phx & W Valley Oliver Pst,31,Western,Power7,Phoenix,AZ,0,yes
85003,263,Metro Wst Phx & W Valley Oliver Pst,31,Western,Power7,Phoenix,AZ,"9,079",yes
85004,263,Metro Wst Phx & W Valley Oliver Pst,31,Western,Power7,Phoenix,AZ,"5,209",yes
85005,263,Metro Wst Phx & W Valley Oliver Pst,31,Western,Power7,Phoenix,AZ,0,yes
85006,263,Metro Wst Phx & W Valley Oliver Pst,31,Western,Power7,Phoenix,AZ,"27,804",yes
85007,263,Metro Wst Phx & W Valley Oliver Pst,31,Western,Power7,Phoenix,AZ,"14,461",yes
85008,263,Metro Wst Phx & W Valley Oliver Pst,31,Western,Power7,Phoenix,AZ,"59,490",yes
85009,263,Metro Wst Phx & W Valley Oliver Pst,31,Western,Power7,Phoenix,AZ,"46,006",yes
85010,263,Metro Wst Phx & W Valley Oliver Pst,31,Western,Power7,Phoenix,AZ,0,yes
85011,263,Metro Wst Phx & W Valley Oliver Pst,31,Western,Power7,Phoenix,AZ,0,yes
85012,263,Metro Wst Phx & W Valley Oliver Pst,31,Western,Power7,Phoenix,AZ,"6,558",yes
85013,263,Metro Wst Phx & W Valley Oliver Pst,31,Western,Power7,Phoenix,AZ,"21,371",yes
85014,263,Metro Wst Phx & W Valley Oliver Pst,31,Western,Power7,Phoenix,AZ,"27,316",yes
85015,263,Metro Wst Phx & W Valley Oliver Pst,31,Western,Power7,Phoenix,AZ,"38,829",yes
85016,263,Metro Wst Phx & W Valley Oliver Pst,31,Western,Power7,Phoenix,AZ,"35,660",yes
85017,263,Metro Wst Phx & W Valley Oliver Pst,31,Western,Power7,Phoenix,AZ,"41,468",yes
85018,263,Metro Wst Phx & W Valley Oliver Pst,31,Western,Power7,Phoenix,AZ,"38,587",yes
85019,263,Metro Wst Phx & W Valley Oliver Pst,31,Western,Power7,Phoenix,AZ,"24,426",yes
85020,263,Metro Wst Phx & W Valley Oliver Pst,31,Western,Power7,Phoenix,AZ,"33,478",yes
85021,263,Metro Wst Phx & W Valley Oliver Pst,31,Western,Power7,Phoenix,AZ,"40,422",yes
85022,263,Metro Wst Phx & W Valley Oliver Pst,31,Western,Power7,Phoenix,AZ,"50,369",yes
85023,263,Metro Wst Phx & W Valley Oliver Pst,31,Western,Power7,Phoenix,AZ,"33,328",yes
85024,263,Metro Wst Phx & W Valley Oliver Pst,31,Western,Power7,Phoenix,AZ,"24,553",yes
85025,263,Metro Wst Phx & W Valley Oliver Pst,31,Western,Power7,Phoenix,AZ,0,yes
85026,263,Metro Wst Phx & W Valley Oliver Pst,31,Western,Power7,Phoenix,AZ,0,yes
85027,263,Metro Wst Phx & W Valley Oliver Pst,31,Western,Power7,Phoenix,AZ,"35,225",yes
85028,263,Metro Wst Phx & W Valley Oliver Pst,31,Western,Power7,Phoenix,AZ,"19,608",yes
85029,263,Metro Wst Phx & W Valley Oliver Pst,31,Western,Power7,Phoenix,AZ,"45,513",yes
85030,263,Metro Wst Phx & W Valley Oliver Pst,31,Western,Power7,Phoenix,AZ,0,yes
85031,263,Metro Wst Phx & W Valley Oliver Pst,31,Western,Power7,Phoenix,AZ,"31,005",yes
85032,263,Metro Wst Phx & W Valley Oliver Pst,31,Western,Power7,Phoenix,AZ,"71,957",yes
85033,263,Metro Wst Phx & W Valley Oliver Pst,31,Western,Power7,Phoenix,AZ,"64,428",yes
85034,263,Metro Wst Phx & W Valley Oliver Pst,31,Western,Power7,Phoenix,AZ,"4,322",yes
85035,263,Metro Wst Phx & W Valley Oliver Pst,31,Western,Power7,Phoenix,AZ,"57,470",yes
85036,263,Metro Wst Phx & W Valley Oliver Pst,31,Western,Power7,Phoenix,AZ,0,yes
85037,263,Metro Wst Phx & W Valley Oliver Pst,31,Western,Power7,Phoenix,AZ,"49,702",yes
85038,263,Metro Wst Phx & W Valley Oliver Pst,31,Western,Power7,Phoenix,AZ,0,yes
85039,263,Metro Wst Phx & W Valley Oliver Pst,31,Western,Power7,Phoenix,AZ,0,yes
85040,263,Metro Wst Phx & W Valley Oliver Pst,31,Western,Power7,Phoenix,AZ,"32,420",yes
85041,263,Metro Wst Phx & W Valley Oliver Pst,31,Western,Power7,Phoenix,AZ,"62,683",yes
85042,263,Metro Wst Phx & W Valley Oliver Pst,31,Western,Power7,Phoenix,AZ,"43,820",yes
85043,263,Metro Wst Phx & W Valley Oliver Pst,31,Western,Power7,Phoenix,AZ,"36,177",yes
85044,263,Metro Wst Phx & W Valley Oliver Pst,31,Western,Power7,Phoenix,AZ,"39,574",yes
85045,263,Metro Wst Phx & W Valley Oliver Pst,31,Western,Power7,Phoenix,AZ,"7,465",yes
85046,263,Metro Wst Phx & W Valley Oliver Pst,31,Western,Power7,Phoenix,AZ,0,yes
85048,263,Metro Wst Phx & W Valley Oliver Pst,31,Western,Power7,Phoenix,AZ,"35,621",yes
85050,263,Metro Wst Phx & W Valley Oliver Pst,31,Western,Power7,Phoenix,AZ,"30,715",yes
85051,263,Metro Wst Phx & W Valley Oliver Pst,31,Western,Power7,Phoenix,AZ,"42,223",yes
85053,263,Metro Wst Phx & W Valley Oliver Pst,31,Western,Power7,Phoenix,AZ,"28,404",yes
85054,264,Metro East Mesa & Scottsdale Oliver,31,Western,ServSuite,Phoenix,AZ,"6,390",yes
85055,264,Metro East Mesa & Scottsdale Oliver,31,Western,ServSuite,Phoenix,AZ,0,yes
85060,263,Metro Wst Phx & W Valley Oliver Pst,31,Western,Power7,Phoenix,AZ,0,yes
85061,263,Metro Wst Phx & W Valley Oliver Pst,31,Western,Power7,Phoenix,AZ,0,yes
85062,263,Metro Wst Phx & W Valley Oliver Pst,31,Western,Power7,Phoenix,AZ,0,yes
85063,263,Metro Wst Phx & W Valley Oliver Pst,31,Western,Power7,Phoenix,AZ,0,yes
85064,263,Metro Wst Phx & W Valley Oliver Pst,31,Western,Power7,Phoenix,AZ,0,yes
85065,263,Metro Wst Phx & W Valley Oliver Pst,31,Western,Power7,Phoenix,AZ,0,yes
85066,263,Metro Wst Phx & W Valley Oliver Pst,31,Western,Power7,Phoenix,AZ,0,yes
85067,263,Metro Wst Phx & W Valley Oliver Pst,31,Western,Power7,Phoenix,AZ,0,yes
85068,263,Metro Wst Phx & W Valley Oliver Pst,31,Western,Power7,Phoenix,AZ,0,yes
85069,263,Metro Wst Phx & W Valley Oliver Pst,31,Western,Power7,Phoenix,AZ,0,yes
85070,263,Metro Wst Phx & W Valley Oliver Pst,31,Western,Power7,Phoenix,AZ,0,yes
85071,263,Metro Wst Phx & W Valley Oliver Pst,31,Western,Power7,Phoenix,AZ,0,yes
85072,263,Metro Wst Phx & W Valley Oliver Pst,31,Western,Power7,Phoenix,AZ,0,yes
85073,263,Metro Wst Phx & W Valley Oliver Pst,31,Western,Power7,Phoenix,AZ,0,yes
85074,263,Metro Wst Phx & W Valley Oliver Pst,31,Western,Power7,Phoenix,AZ,0,yes
85075,263,Metro Wst Phx & W Valley Oliver Pst,31,Western,Power7,Phoenix,AZ,0,yes
85076,264,Metro East Mesa & Scottsdale Oliver,31,Western,ServSuite,Phoenix,AZ,0,yes
85077,263,Metro Wst Phx & W Valley Oliver Pst,31,Western,Power7,Phoenix,AZ,0,yes
85078,263,Metro Wst Phx & W Valley Oliver Pst,31,Western,Power7,Phoenix,AZ,0,yes
85079,263,Metro Wst Phx & W Valley Oliver Pst,31,Western,Power7,Phoenix,AZ,0,yes
85080,263,Metro Wst Phx & W Valley Oliver Pst,31,Western,Power7,Phoenix,AZ,0,yes
85082,263,Metro Wst Phx & W Valley Oliver Pst,31,Western,Power7,Phoenix,AZ,0,yes
85083,263,Metro Wst Phx & W Valley Oliver Pst,31,Western,Power7,Phoenix,AZ,"19,443",yes
85085,263,Metro Wst Phx & W Valley Oliver Pst,31,Western,Power7,Phoenix,AZ,"20,689",yes
85086,263,Metro Wst Phx & W Valley Oliver Pst,31,Western,Power7,Phoenix,AZ,"41,533",yes
85087,263,Metro Wst Phx & W Valley Oliver Pst,31,Western,Power7,New River,AZ,"8,351",yes
85096,263,Metro Wst Phx & W Valley Oliver Pst,31,Western,Power7,Phoenix,AZ,0,yes
85097,263,Metro Wst Phx & W Valley Oliver Pst,31,Western,Power7,Phoenix,AZ,0,yes
85098,263,Metro Wst Phx & W Valley Oliver Pst,31,Western,Power7,Phoenix,AZ,0,yes
85099,263,Metro Wst Phx & W Valley Oliver Pst,31,Western,Power7,Phoenix,AZ,0,yes
85117,264,Metro East Mesa & Scottsdale Oliver,31,Western,ServSuite,Apache Junction,AZ,0,yes
85118,264,Metro East Mesa & Scottsdale Oliver,31,Western,ServSuite,Gold Canyon,AZ,"11,572",yes
85119,264,Metro East Mesa & Scottsdale Oliver,31,Western,ServSuite,Apache Junction,AZ,"21,271",yes
85120,264,Metro East Mesa & Scottsdale Oliver,31,Western,ServSuite,Apache Junction,AZ,"29,767",yes
85121,264,Metro East Mesa & Scottsdale Oliver,31,Western,ServSuite,Bapchule,AZ,"2,153",yes
85122,264,Metro East Mesa & Scottsdale Oliver,31,Western,ServSuite,Casa Grande,AZ,"54,941",yes
85123,264,Metro East Mesa & Scottsdale Oliver,31,Western,ServSuite,Arizona City,AZ,"10,560",yes
85127,264,Metro East Mesa & Scottsdale Oliver,31,Western,ServSuite,Chandler Heights,AZ,0,yes
85128,264,Metro East Mesa & Scottsdale Oliver,31,Western,ServSuite,Coolidge,AZ,"15,982",yes
85130,264,Metro East Mesa & Scottsdale Oliver,31,Western,ServSuite,Casa Grande,AZ,0,yes
85132,264,Metro East Mesa & Scottsdale Oliver,31,Western,ServSuite,Florence,AZ,"35,906",yes
85135,264,Metro East Mesa & Scottsdale Oliver,31,Western,ServSuite,Hayden,AZ,502,yes
85137,264,Metro East Mesa & Scottsdale Oliver,31,Western,ServSuite,Kearny,AZ,"2,603",yes
85138,264,Metro East Mesa & Scottsdale Oliver,31,Western,ServSuite,Maricopa,AZ,"35,198",yes
85139,264,Metro East Mesa & Scottsdale Oliver,31,Western,ServSuite,Maricopa,AZ,"18,450",yes
85140,264,Metro East Mesa & Scottsdale Oliver,31,Western,ServSuite,San Tan Valley,AZ,"43,283",yes
85141,264,Metro East Mesa & Scottsdale Oliver,31,Western,ServSuite,Picacho,AZ,342,yes
85142,264,Metro East Mesa & Scottsdale Oliver,31,Western,ServSuite,Queen Creek,AZ,"55,931",yes
85143,264,Metro East Mesa & Scottsdale Oliver,31,Western,ServSuite,San Tan Valley,AZ,"36,414",yes
85145,266,Tucson/jps Oliver Pest,31,Western,ServSuite,Red Rock,AZ,"2,679",yes
85147,264,Metro East Mesa & Scottsdale Oliver,31,Western,ServSuite,Sacaton,AZ,"4,372",yes
85172,264,Metro East Mesa & Scottsdale Oliver,31,Western,ServSuite,Stanfield,AZ,"1,471",yes
85173,264,Metro East Mesa & Scottsdale Oliver,31,Western,ServSuite,Superior,AZ,"2,940",yes
85178,264,Metro East Mesa & Scottsdale Oliver,31,Western,ServSuite,Apache Junction,AZ,0,yes
85190,264,Metro East Mesa & Scottsdale Oliver,31,Western,ServSuite,Tortilla Flat,AZ,0,yes
85191,264,Metro East Mesa & Scottsdale Oliver,31,Western,ServSuite,Valley Farms,AZ,0,yes
85192,264,Metro East Mesa & Scottsdale Oliver,31,Western,ServSuite,Winkelman,AZ,"1,339",yes
85193,264,Metro East Mesa & Scottsdale Oliver,31,Western,ServSuite,Casa Grande,AZ,"4,412",yes
85194,264,Metro East Mesa & Scottsdale Oliver,31,Western,ServSuite,Casa Grande,AZ,"7,232",yes
85201,264,Metro East Mesa & Scottsdale Oliver,31,Western,ServSuite,Mesa,AZ,"50,323",yes
85202,264,Metro East Mesa & Scottsdale Oliver,31,Western,ServSuite,Mesa,AZ,"39,095",yes
85203,264,Metro East Mesa & Scottsdale Oliver,31,Western,ServSuite,Mesa,AZ,"36,889",yes
85204,264,Metro East Mesa & Scottsdale Oliver,31,Western,ServSuite,Mesa,AZ,"64,583",yes
85205,264,Metro East Mesa & Scottsdale Oliver,31,Western,ServSuite,Mesa,AZ,"41,376",yes
85206,264,Metro East Mesa & Scottsdale Oliver,31,Western,ServSuite,Mesa,AZ,"35,415",yes
85207,264,Metro East Mesa & Scottsdale Oliver,31,Western,ServSuite,Mesa,AZ,"47,214",yes
85208,264,Metro East Mesa & Scottsdale Oliver,31,Western,ServSuite,Mesa,AZ,"37,360",yes
85209,264,Metro East Mesa & Scottsdale Oliver,31,Western,ServSuite,Mesa,AZ,"41,738",yes
85210,264,Metro East Mesa & Scottsdale Oliver,31,Western,ServSuite,Mesa,AZ,"38,707",yes
85211,264,Metro East Mesa & Scottsdale Oliver,31,Western,ServSuite,Mesa,AZ,0,yes
85212,264,Metro East Mesa & Scottsdale Oliver,31,Western,ServSuite,Mesa,AZ,"28,700",yes
85213,264,Metro East Mesa & Scottsdale Oliver,31,Western,ServSuite,Mesa,AZ,"35,241",yes
85214,264,Metro East Mesa & Scottsdale Oliver,31,Western,ServSuite,Mesa,AZ,0,yes
85215,264,Metro East Mesa & Scottsdale Oliver,31,Western,ServSuite,Mesa,AZ,"15,969",yes
85216,264,Metro East Mesa & Scottsdale Oliver,31,Western,ServSuite,Mesa,AZ,0,yes
85217,264,Metro East Mesa & Scottsdale Oliver,31,Western,ServSuite,Apache Junction,AZ,0,yes
85218,264,Metro East Mesa & Scottsdale Oliver,31,Western,ServSuite,Apache Junction,AZ,0,yes
85219,264,Metro East Mesa & Scottsdale Oliver,31,Western,ServSuite,Apache Junction,AZ,0,yes
85220,264,Metro East Mesa & Scottsdale Oliver,31,Western,ServSuite,Apache Junction,AZ,0,yes
85221,264,Metro East Mesa & Scottsdale Oliver,31,Western,ServSuite,Bapchule,AZ,0,yes
85222,264,Metro East Mesa & Scottsdale Oliver,31,Western,ServSuite,Casa Grande,AZ,0,yes
85223,264,Metro East Mesa & Scottsdale Oliver,31,Western,ServSuite,Arizona City,AZ,0,yes
85224,264,Metro East Mesa & Scottsdale Oliver,31,Western,ServSuite,Chandler,AZ,"43,827",yes
85225,264,Metro East Mesa & Scottsdale Oliver,31,Western,ServSuite,Chandler,AZ,"70,168",yes
85226,264,Metro East Mesa & Scottsdale Oliver,31,Western,ServSuite,Chandler,AZ,"36,707",yes
85227,264,Metro East Mesa & Scottsdale Oliver,31,Western,ServSuite,Chandler Heights,AZ,0,yes
85228,264,Metro East Mesa & Scottsdale Oliver,31,Western,ServSuite,Coolidge,AZ,0,yes
85230,264,Metro East Mesa & Scottsdale Oliver,31,Western,ServSuite,Casa Grande,AZ,0,yes
85232,264,Metro East Mesa & Scottsdale Oliver,31,Western,ServSuite,Florence,AZ,0,yes
85233,264,Metro East Mesa & Scottsdale Oliver,31,Western,ServSuite,Gilbert,AZ,"35,828",yes
85234,264,Metro East Mesa & Scottsdale Oliver,31,Western,ServSuite,Gilbert,AZ,"50,101",yes
85235,264,Metro East Mesa & Scottsdale Oliver,31,Western,ServSuite,Hayden,AZ,0,yes
85236,264,Metro East Mesa & Scottsdale Oliver,31,Western,ServSuite,Higley,AZ,0,yes
85237,264,Metro East Mesa & Scottsdale Oliver,31,Western,ServSuite,Kearny,AZ,0,yes
85238,264,Metro East Mesa & Scottsdale Oliver,31,Western,ServSuite,Maricopa,AZ,0,yes
85239,264,Metro East Mesa & Scottsdale Oliver,31,Western,ServSuite,Maricopa,AZ,0,yes
85240,264,Metro East Mesa & Scottsdale Oliver,31,Western,ServSuite,Queen Creek,AZ,0,yes
85241,264,Metro East Mesa & Scottsdale Oliver,31,Western,ServSuite,Picacho,AZ,0,yes
85242,264,Metro East Mesa & Scottsdale Oliver,31,Western,ServSuite,Queen Creek,AZ,0,yes
85243,264,Metro East Mesa & Scottsdale Oliver,31,Western,ServSuite,Queen Creek,AZ,0,yes
85244,264,Metro East Mesa & Scottsdale Oliver,31,Western,ServSuite,Chandler,AZ,0,yes
85245,266,Tucson/jps Oliver Pest,31,Western,ServSuite,Red Rock,AZ,0,yes
85246,264,Metro East Mesa & Scottsdale Oliver,31,Western,ServSuite,Chandler,AZ,0,yes
85247,264,Metro East Mesa & Scottsdale Oliver,31,Western,ServSuite,Sacaton,AZ,0,yes
85248,264,Metro East Mesa & Scottsdale Oliver,31,Western,ServSuite,Chandler,AZ,"31,990",yes
85249,264,Metro East Mesa & Scottsdale Oliver,31,Western,ServSuite,Chandler,AZ,"38,958",yes
85250,264,Metro East Mesa & Scottsdale Oliver,31,Western,ServSuite,Scottsdale,AZ,"17,445",yes
85251,264,Metro East Mesa & Scottsdale Oliver,31,Western,ServSuite,Scottsdale,AZ,"39,867",yes
85252,264,Metro East Mesa & Scottsdale Oliver,31,Western,ServSuite,Scottsdale,AZ,0,yes
85253,264,Metro East Mesa & Scottsdale Oliver,31,Western,ServSuite,Paradise Valley,AZ,"17,461",yes
85254,264,Metro East Mesa & Scottsdale Oliver,31,Western,ServSuite,Scottsdale,AZ,"46,915",yes
85255,264,Metro East Mesa & Scottsdale Oliver,31,Western,ServSuite,Scottsdale,AZ,"40,151",yes
85256,264,Metro East Mesa & Scottsdale Oliver,31,Western,ServSuite,Scottsdale,AZ,"4,638",yes
85257,264,Metro East Mesa & Scottsdale Oliver,31,Western,ServSuite,Scottsdale,AZ,"31,426",yes
85258,264,Metro East Mesa & Scottsdale Oliver,31,Western,ServSuite,Scottsdale,AZ,"23,933",yes
85259,264,Metro East Mesa & Scottsdale Oliver,31,Western,ServSuite,Scottsdale,AZ,"22,479",yes
85260,264,Metro East Mesa & Scottsdale Oliver,31,Western,ServSuite,Scottsdale,AZ,"37,596",yes
85261,264,Metro East Mesa & Scottsdale Oliver,31,Western,ServSuite,Scottsdale,AZ,0,yes
85262,264,Metro East Mesa & Scottsdale Oliver,31,Western,ServSuite,Scottsdale,AZ,"10,575",yes
85263,264,Metro East Mesa & Scottsdale Oliver,31,Western,ServSuite,Rio Verde,AZ,"2,313",yes
85264,264,Metro East Mesa & Scottsdale Oliver,31,Western,ServSuite,Fort Mcdowell,AZ,"1,310",yes
85266,264,Metro East Mesa & Scottsdale Oliver,31,Western,ServSuite,Scottsdale,AZ,"11,715",yes
85267,264,Metro East Mesa & Scottsdale Oliver,31,Western,ServSuite,Scottsdale,AZ,0,yes
85268,264,Metro East Mesa & Scottsdale Oliver,31,Western,ServSuite,Fountain Hills,AZ,"24,139",yes
85269,264,Metro East Mesa & Scottsdale Oliver,31,Western,ServSuite,Fountain Hills,AZ,0,yes
85271,264,Metro East Mesa & Scottsdale Oliver,31,Western,ServSuite,Scottsdale,AZ,0,yes
85272,264,Metro East Mesa & Scottsdale Oliver,31,Western,ServSuite,Stanfield,AZ,0,yes
85273,264,Metro East Mesa & Scottsdale Oliver,31,Western,ServSuite,Superior,AZ,0,yes
85274,264,Metro East Mesa & Scottsdale Oliver,31,Western,ServSuite,Mesa,AZ,0,yes
85275,264,Metro East Mesa & Scottsdale Oliver,31,Western,ServSuite,Mesa,AZ,0,yes
85277,264,Metro East Mesa & Scottsdale Oliver,31,Western,ServSuite,Mesa,AZ,0,yes
85278,264,Metro East Mesa & Scottsdale Oliver,31,Western,ServSuite,Apache Junction,AZ,0,yes
85279,264,Metro East Mesa & Scottsdale Oliver,31,Western,ServSuite,Florence,AZ,0,yes
85280,264,Metro East Mesa & Scottsdale Oliver,31,Western,ServSuite,Tempe,AZ,0,yes
85281,264,Metro East Mesa & Scottsdale Oliver,31,Western,ServSuite,Tempe,AZ,"61,382",yes
85282,264,Metro East Mesa & Scottsdale Oliver,31,Western,ServSuite,Tempe,AZ,"51,847",yes
85283,264,Metro East Mesa & Scottsdale Oliver,31,Western,ServSuite,Tempe,AZ,"49,123",yes
85284,264,Metro East Mesa & Scottsdale Oliver,31,Western,ServSuite,Tempe,AZ,"18,436",yes
85286,264,Metro East Mesa & Scottsdale Oliver,31,Western,ServSuite,Chandler,AZ,"40,933",yes
85287,264,Metro East Mesa & Scottsdale Oliver,31,Western,ServSuite,Tempe,AZ,0,yes
85289,264,Metro East Mesa & Scottsdale Oliver,31,Western,ServSuite,Tempe,AZ,0,yes
85290,264,Metro East Mesa & Scottsdale Oliver,31,Western,ServSuite,Apache Junction,AZ,0,yes
85291,264,Metro East Mesa & Scottsdale Oliver,31,Western,ServSuite,Valley Farms,AZ,0,yes
85292,264,Metro East Mesa & Scottsdale Oliver,31,Western,ServSuite,Winkelman,AZ,0,yes
85293,264,Metro East Mesa & Scottsdale Oliver,31,Western,ServSuite,Casa Grande,AZ,0,yes
85294,264,Metro East Mesa & Scottsdale Oliver,31,Western,ServSuite,Casa Grande,AZ,0,yes
85295,264,Metro East Mesa & Scottsdale Oliver,31,Western,ServSuite,Gilbert,AZ,"42,290",yes
85296,264,Metro East Mesa & Scottsdale Oliver,31,Western,ServSuite,Gilbert,AZ,"41,556",yes
85297,264,Metro East Mesa & Scottsdale Oliver,31,Western,ServSuite,Gilbert,AZ,"31,683",yes
85298,264,Metro East Mesa & Scottsdale Oliver,31,Western,ServSuite,Gilbert,AZ,"29,153",yes
85299,264,Metro East Mesa & Scottsdale Oliver,31,Western,ServSuite,Gilbert,AZ,0,yes
85301,263,Metro Wst Phx & W Valley Oliver Pst,31,Western,Power7,Glendale,AZ,"66,818",yes
85302,263,Metro Wst Phx & W Valley Oliver Pst,31,Western,Power7,Glendale,AZ,"39,430",yes
85303,263,Metro Wst Phx & W Valley Oliver Pst,31,Western,Power7,Glendale,AZ,"30,801",yes
85304,263,Metro Wst Phx & W Valley Oliver Pst,31,Western,Power7,Glendale,AZ,"27,520",yes
85305,263,Metro Wst Phx & W Valley Oliver Pst,31,Western,Power7,Glendale,AZ,"11,771",yes
85306,263,Metro Wst Phx & W Valley Oliver Pst,31,Western,Power7,Glendale,AZ,"24,697",yes
85307,263,Metro Wst Phx & W Valley Oliver Pst,31,Western,Power7,Glendale,AZ,"8,295",yes
85308,263,Metro Wst Phx & W Valley Oliver Pst,31,Western,Power7,Glendale,AZ,"65,922",yes
85309,263,Metro Wst Phx & W Valley Oliver Pst,31,Western,Power7,Luke Air Force Base,AZ,743,yes
85310,263,Metro Wst Phx & W Valley Oliver Pst,31,Western,Power7,Glendale,AZ,"18,969",yes
85311,263,Metro Wst Phx & W Valley Oliver Pst,31,Western,Power7,Glendale,AZ,0,yes
85312,263,Metro Wst Phx & W Valley Oliver Pst,31,Western,Power7,Glendale,AZ,0,yes
85313,263,Metro Wst Phx & W Valley Oliver Pst,31,Western,Power7,Glendale,AZ,0,yes
85318,263,Metro Wst Phx & W Valley Oliver Pst,31,Western,Power7,Glendale,AZ,0,yes
85320,263,Metro Wst Phx & W Valley Oliver Pst,31,Western,Power7,Aguila,AZ,"1,497",yes
85323,263,Metro Wst Phx & W Valley Oliver Pst,31,Western,Power7,Avondale,AZ,"40,729",yes
85324,263,Metro Wst Phx & W Valley Oliver Pst,31,Western,Power7,Black Canyon City,AZ,"2,689",yes
85326,263,Metro Wst Phx & W Valley Oliver Pst,31,Western,Power7,Buckeye,AZ,"56,102",yes
85327,264,Metro East Mesa & Scottsdale Oliver,31,Western,ServSuite,Cave Creek,AZ,0,yes
85331,264,Metro East Mesa & Scottsdale Oliver,31,Western,ServSuite,Cave Creek,AZ,"28,710",yes
85335,263,Metro Wst Phx & W Valley Oliver Pst,31,Western,Power7,El Mirage,AZ,"33,937",yes
85337,263,Metro Wst Phx & W Valley Oliver Pst,31,Western,Power7,Gila Bend,AZ,"2,790",yes
85338,263,Metro Wst Phx & W Valley Oliver Pst,31,Western,Power7,Goodyear,AZ,"46,098",yes
85339,263,Metro Wst Phx & W Valley Oliver Pst,31,Western,Power7,Laveen,AZ,"43,651",yes
85340,263,Metro Wst Phx & W Valley Oliver Pst,31,Western,Power7,Litchfield Park,AZ,"30,756",yes
85342,263,Metro Wst Phx & W Valley Oliver Pst,31,Western,Power7,Morristown,AZ,"1,319",yes
85343,263,Metro Wst Phx & W Valley Oliver Pst,31,Western,Power7,Palo Verde,AZ,175,yes
85345,263,Metro Wst Phx & W Valley Oliver Pst,31,Western,Power7,Peoria,AZ,"57,867",yes
85351,263,Metro Wst Phx & W Valley Oliver Pst,31,Western,Power7,Sun City,AZ,"29,216",yes
85353,263,Metro Wst Phx & W Valley Oliver Pst,31,Western,Power7,Tolleson,AZ,"37,983",yes
85354,263,Metro Wst Phx & W Valley Oliver Pst,31,Western,Power7,Tonopah,AZ,"7,053",yes
85355,263,Metro Wst Phx & W Valley Oliver Pst,31,Western,Power7,Waddell,AZ,"11,380",yes
85357,263,Metro Wst Phx & W Valley Oliver Pst,31,Western,Power7,Wenden,AZ,0,yes
85358,263,Metro Wst Phx & W Valley Oliver Pst,31,Western,Power7,Wickenburg,AZ,0,yes
85360,263,Metro Wst Phx & W Valley Oliver Pst,31,Western,Power7,Wikieup,AZ,250,yes
85361,263,Metro Wst Phx & W Valley Oliver Pst,31,Western,Power7,Wittmann,AZ,"6,593",yes
85363,263,Metro Wst Phx & W Valley Oliver Pst,31,Western,Power7,Youngtown,AZ,"6,563",yes
85364,263,Metro Wst Phx & W Valley Oliver Pst,31,Western,Power7,Yuma,AZ,"74,767",yes
85365,263,Metro Wst Phx & W Valley Oliver Pst,31,Western,Power7,Yuma,AZ,"48,529",yes
85366,263,Metro Wst Phx & W Valley Oliver Pst,31,Western,Power7,Yuma,AZ,0,yes
85367,263,Metro Wst Phx & W Valley Oliver Pst,31,Western,Power7,Yuma,AZ,"20,995",yes
85369,263,Metro Wst Phx & W Valley Oliver Pst,31,Western,Power7,Yuma,AZ,0,yes
85372,263,Metro Wst Phx & W Valley Oliver Pst,31,Western,Power7,Sun City,AZ,0,yes
85373,263,Metro Wst Phx & W Valley Oliver Pst,31,Western,Power7,Sun City,AZ,"19,089",yes
85374,263,Metro Wst Phx & W Valley Oliver Pst,31,Western,Power7,Surprise,AZ,"46,045",yes
85375,263,Metro Wst Phx & W Valley Oliver Pst,31,Western,Power7,Sun City West,AZ,"27,701",yes
85376,263,Metro Wst Phx & W Valley Oliver Pst,31,Western,Power7,Sun City West,AZ,0,yes
85377,264,Metro East Mesa & Scottsdale Oliver,31,Western,ServSuite,Carefree,AZ,"3,160",yes
85378,263,Metro Wst Phx & W Valley Oliver Pst,31,Western,Power7,Surprise,AZ,0,yes
85379,263,Metro Wst Phx & W Valley Oliver Pst,31,Western,Power7,Surprise,AZ,"45,742",yes
85380,263,Metro Wst Phx & W Valley Oliver Pst,31,Western,Power7,Peoria,AZ,0,yes
85381,263,Metro Wst Phx & W Valley Oliver Pst,31,Western,Power7,Peoria,AZ,"25,767",yes
85382,263,Metro Wst Phx & W Valley Oliver Pst,31,Western,Power7,Peoria,AZ,"39,689",yes
85383,263,Metro Wst Phx & W Valley Oliver Pst,31,Western,Power7,Peoria,AZ,"42,126",yes
85385,263,Metro Wst Phx & W Valley Oliver Pst,31,Western,Power7,Peoria,AZ,0,yes
85387,263,Metro Wst Phx & W Valley Oliver Pst,31,Western,Power7,Surprise,AZ,"10,663",yes
85388,263,Metro Wst Phx & W Valley Oliver Pst,31,Western,Power7,Surprise,AZ,"27,580",yes
85390,263,Metro Wst Phx & W Valley Oliver Pst,31,Western,Power7,Wickenburg,AZ,"8,665",yes
85392,263,Metro Wst Phx & W Valley Oliver Pst,31,Western,Power7,Avondale,AZ,"38,097",yes
85395,263,Metro Wst Phx & W Valley Oliver Pst,31,Western,Power7,Goodyear,AZ,"27,421",yes
85396,263,Metro Wst Phx & W Valley Oliver Pst,31,Western,Power7,Buckeye,AZ,"15,839",yes
85530,264,Metro East Mesa & Scottsdale Oliver,31,Western,ServSuite,Bylas,AZ,"1,988",yes
85532,264,Metro East Mesa & Scottsdale Oliver,31,Western,ServSuite,Claypool,AZ,0,yes
85533,264,Metro East Mesa & Scottsdale Oliver,31,Western,ServSuite,Clifton,AZ,"1,699",yes
85534,264,Metro East Mesa & Scottsdale Oliver,31,Western,ServSuite,Duncan,AZ,"1,741",yes
85536,264,Metro East Mesa & Scottsdale Oliver,31,Western,ServSuite,Fort Thomas,AZ,592,yes
85540,266,Tucson/jps Oliver Pest,31,Western,ServSuite,Morenci,AZ,"2,357",yes
85541,263,Metro Wst Phx & W Valley Oliver Pst,31,Western,Power7,Payson,AZ,"21,576",yes
85545,263,Metro Wst Phx & W Valley Oliver Pst,31,Western,Power7,Roosevelt,AZ,461,yes
85546,264,Metro East Mesa & Scottsdale Oliver,31,Western,ServSuite,Safford,AZ,"20,422",yes
85547,263,Metro Wst Phx & W Valley Oliver Pst,31,Western,Power7,Payson,AZ,0,yes
85548,264,Metro East Mesa & Scottsdale Oliver,31,Western,ServSuite,Safford,AZ,0,yes
85552,266,Tucson/jps Oliver Pest,31,Western,ServSuite,Thatcher,AZ,"6,503",yes
85602,266,Tucson/jps Oliver Pest,31,Western,ServSuite,Benson,AZ,"9,052",yes
85603,266,Tucson/jps Oliver Pest,31,Western,ServSuite,Bisbee,AZ,"6,829",yes
85605,264,Metro East Mesa & Scottsdale Oliver,31,Western,ServSuite,Bowie,AZ,404,yes
85607,266,Tucson/jps Oliver Pest,31,Western,ServSuite,Douglas,AZ,"13,991",yes
85613,266,Tucson/jps Oliver Pest,31,Western,ServSuite,Fort Huachuca,AZ,"5,987",yes
85614,266,Tucson/jps Oliver Pest,31,Western,ServSuite,Green Valley,AZ,"23,140",yes
85621,266,Tucson/jps Oliver Pest,31,Western,ServSuite,Nogales,AZ,"22,548",yes
85622,266,Tucson/jps Oliver Pest,31,Western,ServSuite,Green Valley,AZ,"6,367",yes
85629,266,Tucson/jps Oliver Pest,31,Western,ServSuite,Sahuarita,AZ,"24,752",yes
85634,266,Tucson/jps Oliver Pest,31,Western,ServSuite,Sells,AZ,"6,251",yes
85635,266,Tucson/jps Oliver Pest,31,Western,ServSuite,Sierra Vista,AZ,"34,102",yes
85641,266,Tucson/jps Oliver Pest,31,Western,ServSuite,Vail,AZ,"25,716",yes
85643,266,Tucson/jps Oliver Pest,31,Western,ServSuite,Willcox,AZ,"8,702",yes
85646,266,Tucson/jps Oliver Pest,31,Western,ServSuite,Tubac,AZ,"1,606",yes
85653,266,Tucson/jps Oliver Pest,31,Western,ServSuite,Marana,AZ,"15,460",yes
85658,266,Tucson/jps Oliver Pest,31,Western,ServSuite,Marana,AZ,"11,270",yes
85701,266,Tucson/jps Oliver Pest,31,Western,ServSuite,Tucson,AZ,"5,311",yes
85702,266,Tucson/jps Oliver Pest,31,Western,ServSuite,Tucson,AZ,0,yes
85703,266,Tucson/jps Oliver Pest,31,Western,ServSuite,Tucson,AZ,0,yes
85704,266,Tucson/jps Oliver Pest,31,Western,ServSuite,Tucson,AZ,"30,487",yes
85705,266,Tucson/jps Oliver Pest,31,Western,ServSuite,Tucson,AZ,"56,863",yes
85706,266,Tucson/jps Oliver Pest,31,Western,ServSuite,Tucson,AZ,"55,179",yes
85707,266,Tucson/jps Oliver Pest,31,Western,ServSuite,Tucson,AZ,701,yes
85708,266,Tucson/jps Oliver Pest,31,Western,ServSuite,Tucson,AZ,"4,178",yes
85709,266,Tucson/jps Oliver Pest,31,Western,ServSuite,Tucson,AZ,0,yes
85710,266,Tucson/jps Oliver Pest,31,Western,ServSuite,Tucson,AZ,"56,143",yes
85711,266,Tucson/jps Oliver Pest,31,Western,ServSuite,Tucson,AZ,"39,177",yes
85712,266,Tucson/jps Oliver Pest,31,Western,ServSuite,Tucson,AZ,"34,892",yes
85713,266,Tucson/jps Oliver Pest,31,Western,ServSuite,Tucson,AZ,"47,108",yes
85714,266,Tucson/jps Oliver Pest,31,Western,ServSuite,Tucson,AZ,"14,744",yes
85715,266,Tucson/jps Oliver Pest,31,Western,ServSuite,Tucson,AZ,"17,727",yes
85716,266,Tucson/jps Oliver Pest,31,Western,ServSuite,Tucson,AZ,"31,834",yes
85717,266,Tucson/jps Oliver Pest,31,Western,ServSuite,Tucson,AZ,0,yes
85718,266,Tucson/jps Oliver Pest,31,Western,ServSuite,Tucson,AZ,"27,061",yes
85719,266,Tucson/jps Oliver Pest,31,Western,ServSuite,Tucson,AZ,"45,963",yes
85720,266,Tucson/jps Oliver Pest,31,Western,ServSuite,Tucson,AZ,0,yes
85721,266,Tucson/jps Oliver Pest,31,Western,ServSuite,Tucson,AZ,0,yes
85722,266,Tucson/jps Oliver Pest,31,Western,ServSuite,Tucson,AZ,0,yes
85723,266,Tucson/jps Oliver Pest,31,Western,ServSuite,Tucson,AZ,0,yes
85724,266,Tucson/jps Oliver Pest,31,Western,ServSuite,Tucson,AZ,0,yes
85725,266,Tucson/jps Oliver Pest,31,Western,ServSuite,Tucson,AZ,0,yes
85726,266,Tucson/jps Oliver Pest,31,Western,ServSuite,Tucson,AZ,0,yes
85728,266,Tucson/jps Oliver Pest,31,Western,ServSuite,Tucson,AZ,0,yes
85730,266,Tucson/jps Oliver Pest,31,Western,ServSuite,Tucson,AZ,"39,145",yes
85731,266,Tucson/jps Oliver Pest,31,Western,ServSuite,Tucson,AZ,0,yes
85732,266,Tucson/jps Oliver Pest,31,Western,ServSuite,Tucson,AZ,0,yes
85733,266,Tucson/jps Oliver Pest,31,Western,ServSuite,Tucson,AZ,0,yes
85734,266,Tucson/jps Oliver Pest,31,Western,ServSuite,Tucson,AZ,0,yes
85735,266,Tucson/jps Oliver Pest,31,Western,ServSuite,Tucson,AZ,"10,759",yes
85736,266,Tucson/jps Oliver Pest,31,Western,ServSuite,Tucson,AZ,"4,467",yes
85737,266,Tucson/jps Oliver Pest,31,Western,ServSuite,Tucson,AZ,"21,737",yes
85738,266,Tucson/jps Oliver Pest,31,Western,ServSuite,Catalina,AZ,0,yes
85739,266,Tucson/jps Oliver Pest,31,Western,ServSuite,Tucson,AZ,"18,247",yes
85740,266,Tucson/jps Oliver Pest,31,Western,ServSuite,Tucson,AZ,0,yes
85741,266,Tucson/jps Oliver Pest,31,Western,ServSuite,Tucson,AZ,"34,718",yes
85742,266,Tucson/jps Oliver Pest,31,Western,ServSuite,Tucson,AZ,"26,833",yes
85743,266,Tucson/jps Oliver Pest,31,Western,ServSuite,Tucson,AZ,"29,496",yes
85744,266,Tucson/jps Oliver Pest,31,Western,ServSuite,Tucson,AZ,0,yes
85745,266,Tucson/jps Oliver Pest,31,Western,ServSuite,Tucson,AZ,"37,899",yes
85746,266,Tucson/jps Oliver Pest,31,Western,ServSuite,Tucson,AZ,"42,956",yes
85747,266,Tucson/jps Oliver Pest,31,Western,ServSuite,Tucson,AZ,"24,535",yes
85748,266,Tucson/jps Oliver Pest,31,Western,ServSuite,Tucson,AZ,"17,426",yes
85749,266,Tucson/jps Oliver Pest,31,Western,ServSuite,Tucson,AZ,"19,189",yes
85750,266,Tucson/jps Oliver Pest,31,Western,ServSuite,Tucson,AZ,"24,068",yes
85751,266,Tucson/jps Oliver Pest,31,Western,ServSuite,Tucson,AZ,0,yes
85752,266,Tucson/jps Oliver Pest,31,Western,ServSuite,Tucson,AZ,0,yes
85754,266,Tucson/jps Oliver Pest,31,Western,ServSuite,Tucson,AZ,0,yes
85755,266,Tucson/jps Oliver Pest,31,Western,ServSuite,Tucson,AZ,"15,907",yes
85756,266,Tucson/jps Oliver Pest,31,Western,ServSuite,Tucson,AZ,"39,863",yes
85757,266,Tucson/jps Oliver Pest,31,Western,ServSuite,Tucson,AZ,"19,016",yes
85775,266,Tucson/jps Oliver Pest,31,Western,ServSuite,Tucson,AZ,0,yes
85777,266,Tucson/jps Oliver Pest,31,Western,ServSuite,Tucson,AZ,0,yes
85923,264,Metro East Mesa & Scottsdale Oliver,31,Western,ServSuite,Clay Springs,AZ,474,yes
85934,264,Metro East Mesa & Scottsdale Oliver,31,Western,ServSuite,Pinedale,AZ,488,yes
85938,264,Metro East Mesa & Scottsdale Oliver,31,Western,ServSuite,Springerville,AZ,"2,078",yes
86301,263,Metro Wst Phx & W Valley Oliver Pst,31,Western,Power7,Prescott,AZ,"22,109",yes
86302,263,Metro Wst Phx & W Valley Oliver Pst,31,Western,Power7,Prescott,AZ,0,yes
86303,263,Metro Wst Phx & W Valley Oliver Pst,31,Western,Power7,Prescott,AZ,"17,325",yes
86304,263,Metro Wst Phx & W Valley Oliver Pst,31,Western,Power7,Prescott,AZ,0,yes
86305,263,Metro Wst Phx & W Valley Oliver Pst,31,Western,Power7,Prescott,AZ,"17,593",yes
86312,264,Metro East Mesa & Scottsdale Oliver,31,Western,ServSuite,Prescott Valley,AZ,0,yes
86313,263,Metro Wst Phx & W Valley Oliver Pst,31,Western,Power7,Prescott,AZ,232,yes
86314,263,Metro Wst Phx & W Valley Oliver Pst,31,Western,Power7,Prescott Valley,AZ,"37,464",yes
86315,263,Metro Wst Phx & W Valley Oliver Pst,31,Western,Power7,Prescott Valley,AZ,"7,613",yes
86323,263,Metro Wst Phx & W Valley Oliver Pst,31,Western,Power7,Chino Valley,AZ,"15,130",yes
86326,263,Metro Wst Phx & W Valley Oliver Pst,31,Western,Power7,Cottonwood,AZ,"25,635",yes
86327,264,Metro East Mesa & Scottsdale Oliver,31,Western,ServSuite,Dewey,AZ,"9,892",yes
86330,263,Metro Wst Phx & W Valley Oliver Pst,31,Western,Power7,Prescott,AZ,0,yes
86333,264,Metro East Mesa & Scottsdale Oliver,31,Western,ServSuite,Mayer,AZ,"6,664",yes
86402,264,Metro East Mesa & Scottsdale Oliver,31,Western,ServSuite,Kingman,AZ,0,yes
86409,263,Metro Wst Phx & W Valley Oliver Pst,31,Western,Power7,Kingman,AZ,"27,047",yes
86402,264,Metro East Mesa & Scottsdale Oliver,31,Western,ServSuite,Kingman,AZ,0,yes
86409,263,Metro Wst Phx & W Valley Oliver Pst,31,Western,Power7,Kingman,AZ,"27,047",yes
,,,,,,,,,
,,,,,,,,,
,,,,,,,,,
,,,,,,,,"5,977,162",
