83252,271,Boise Pest Gemtek Pest Control,27,Western,PestPac,Malad City,ID,"4,171",yes
83272,271,Boise Pest Gemtek Pest Control,27,Western,PestPac,Saint Charles,ID,265,yes
83277,271,Boise Pest Gemtek Pest Control,27,Western,PestPac,Springfield,ID,235,yes
83281,271,Boise Pest Gemtek Pest Control,27,Western,PestPac,Swanlake,ID,183,yes
83283,271,Boise Pest Gemtek Pest Control,27,Western,PestPac,Thatcher,ID,197,yes
83285,271,Boise Pest Gemtek Pest Control,27,Western,PestPac,Wayan,ID,185,yes
83286,271,Boise Pest Gemtek Pest Control,27,Western,PestPac,Weston,ID,"1,270",yes
83287,271,Boise Pest Gemtek Pest Control,27,Western,PestPac,Fish Haven,ID,220,yes
83301,271,Boise Pest Gemtek Pest Control,27,Western,PestPac,Twin Falls,ID,"54,438",yes
83303,271,Boise Pest Gemtek Pest Control,27,Western,PestPac,Twin Falls,ID,0,yes
83311,271,Boise Pest Gemtek Pest Control,27,Western,PestPac,Albion,ID,647,yes
83312,271,Boise Pest Gemtek Pest Control,27,Western,PestPac,Almo,ID,178,yes
83313,271,Boise Pest Gemtek Pest Control,27,Western,PestPac,Bellevue,ID,"3,643",yes
83314,271,Boise Pest Gemtek Pest Control,27,Western,PestPac,Bliss,ID,"1,072",yes
83316,271,Boise Pest Gemtek Pest Control,27,Western,PestPac,Buhl,ID,"9,370",yes
83318,271,Boise Pest Gemtek Pest Control,27,Western,PestPac,Burley,ID,"16,992",yes
83320,271,Boise Pest Gemtek Pest Control,27,Western,PestPac,Carey,ID,830,yes
83325,271,Boise Pest Gemtek Pest Control,27,Western,PestPac,Eden,ID,766,yes
83327,271,Boise Pest Gemtek Pest Control,27,Western,PestPac,Fairfield,ID,890,yes
83328,271,Boise Pest Gemtek Pest Control,27,Western,PestPac,Filer,ID,"5,691",yes
83330,271,Boise Pest Gemtek Pest Control,27,Western,PestPac,Gooding,ID,"6,611",yes
83332,271,Boise Pest Gemtek Pest Control,27,Western,PestPac,Hagerman,ID,"2,745",yes
83333,271,Boise Pest Gemtek Pest Control,27,Western,PestPac,Hailey,ID,"10,824",yes
83334,271,Boise Pest Gemtek Pest Control,27,Western,PestPac,Hansen,ID,"1,920",yes
83335,271,Boise Pest Gemtek Pest Control,27,Western,PestPac,Hazelton,ID,"1,904",yes
83338,271,Boise Pest Gemtek Pest Control,27,Western,PestPac,Jerome,ID,"20,086",yes
83340,271,Boise Pest Gemtek Pest Control,27,Western,PestPac,Ketchum,ID,"4,509",yes
83341,271,Boise Pest Gemtek Pest Control,27,Western,PestPac,Kimberly,ID,"7,859",yes
83344,271,Boise Pest Gemtek Pest Control,27,Western,PestPac,Murtaugh,ID,"1,243",yes
83349,271,Boise Pest Gemtek Pest Control,27,Western,PestPac,Richfield,ID,"1,206",yes
83350,271,Boise Pest Gemtek Pest Control,27,Western,PestPac,Rupert,ID,"12,391",yes
83352,271,Boise Pest Gemtek Pest Control,27,Western,PestPac,Shoshone,ID,"3,320",yes
83353,271,Boise Pest Gemtek Pest Control,27,Western,PestPac,Sun Valley,ID,"1,363",yes
83354,271,Boise Pest Gemtek Pest Control,27,Western,PestPac,Sun Valley,ID,0,yes
83355,271,Boise Pest Gemtek Pest Control,27,Western,PestPac,Wendell,ID,"4,594",yes
83401,271,Boise Pest Gemtek Pest Control,27,Western,PestPac,Idaho Falls,ID,"40,635",yes
83402,271,Boise Pest Gemtek Pest Control,27,Western,PestPac,Idaho Falls,ID,"24,025",yes
83403,271,Boise Pest Gemtek Pest Control,27,Western,PestPac,Idaho Falls,ID,0,yes
83404,271,Boise Pest Gemtek Pest Control,27,Western,PestPac,Idaho Falls,ID,"23,396",yes
83405,271,Boise Pest Gemtek Pest Control,27,Western,PestPac,Idaho Falls,ID,0,yes
83406,271,Boise Pest Gemtek Pest Control,27,Western,PestPac,Idaho Falls,ID,"17,710",yes
83415,271,Boise Pest Gemtek Pest Control,27,Western,PestPac,Idaho Falls,ID,0,yes
83440,271,Boise Pest Gemtek Pest Control,27,Western,PestPac,Rexburg,ID,"35,912",yes
83441,271,Boise Pest Gemtek Pest Control,27,Western,PestPac,Rexburg,ID,0,yes
83442,271,Boise Pest Gemtek Pest Control,27,Western,PestPac,Rigby,ID,"20,898",yes
83443,271,Boise Pest Gemtek Pest Control,27,Western,PestPac,Ririe,ID,"1,057",yes
83448,271,Boise Pest Gemtek Pest Control,27,Western,PestPac,Sugar City,ID,"2,734",yes
83450,271,Boise Pest Gemtek Pest Control,27,Western,PestPac,Terreton,ID,"1,118",yes
83451,271,Boise Pest Gemtek Pest Control,27,Western,PestPac,Teton,ID,986,yes
83452,271,Boise Pest Gemtek Pest Control,27,Western,PestPac,Tetonia,ID,"1,667",yes
83454,271,Boise Pest Gemtek Pest Control,27,Western,PestPac,Ucon,ID,500,yes
83455,271,Boise Pest Gemtek Pest Control,27,Western,PestPac,Victor,ID,"5,359",yes
83460,271,Boise Pest Gemtek Pest Control,27,Western,PestPac,Rexburg,ID,381,yes
83462,271,Boise Pest Gemtek Pest Control,27,Western,PestPac,Carmen,ID,774,yes
83463,271,Boise Pest Gemtek Pest Control,27,Western,PestPac,Gibbonsville,ID,98,yes
83464,271,Boise Pest Gemtek Pest Control,27,Western,PestPac,Leadore,ID,361,yes
83465,271,Boise Pest Gemtek Pest Control,27,Western,PestPac,Lemhi,ID,154,yes
83466,271,Boise Pest Gemtek Pest Control,27,Western,PestPac,North Fork,ID,219,yes
83467,271,Boise Pest Gemtek Pest Control,27,Western,PestPac,Salmon,ID,"5,843",yes
83468,271,Boise Pest Gemtek Pest Control,27,Western,PestPac,Tendoy,ID,121,yes
83469,271,Boise Pest Gemtek Pest Control,27,Western,PestPac,Shoup,ID,52,yes
83501,223,Spokane Pest,27,Western,PestPac,Lewiston,ID,"34,827",yes
83530,271,Boise Pest Gemtek Pest Control,27,Western,PestPac,Grangeville,ID,"5,888",yes
83536,271,Boise Pest Gemtek Pest Control,27,Western,PestPac,Kamiah,ID,"4,321",yes
83537,271,Boise Pest Gemtek Pest Control,27,Western,PestPac,Kendrick,ID,"1,152",yes
83604,271,Boise Pest Gemtek Pest Control,27,Western,PestPac,Bruneau,ID,731,yes
83605,271,Boise Pest Gemtek Pest Control,27,Western,PestPac,Caldwell,ID,"43,106",yes
83606,271,Boise Pest Gemtek Pest Control,27,Western,PestPac,Caldwell,ID,0,yes
83607,271,Boise Pest Gemtek Pest Control,27,Western,PestPac,Caldwell,ID,"22,997",yes
83610,271,Boise Pest Gemtek Pest Control,27,Western,PestPac,Cambridge,ID,841,yes
83611,271,Boise Pest Gemtek Pest Control,27,Western,PestPac,Cascade,ID,"2,545",yes
83612,271,Boise Pest Gemtek Pest Control,27,Western,PestPac,Council,ID,"1,962",yes
83615,271,Boise Pest Gemtek Pest Control,27,Western,PestPac,Donnelly,ID,"1,180",yes
83616,271,Boise Pest Gemtek Pest Control,27,Western,PestPac,Eagle,ID,"25,689",yes
83617,271,Boise Pest Gemtek Pest Control,27,Western,PestPac,Emmett,ID,"15,329",yes
83619,271,Boise Pest Gemtek Pest Control,27,Western,PestPac,Fruitland,ID,"7,586",yes
83622,271,Boise Pest Gemtek Pest Control,27,Western,PestPac,Garden Valley,ID,"1,901",yes
83623,271,Boise Pest Gemtek Pest Control,27,Western,PestPac,Glenns Ferry,ID,"1,307",yes
83626,271,Boise Pest Gemtek Pest Control,27,Western,PestPac,Greenleaf,ID,"1,725",yes
83627,271,Boise Pest Gemtek Pest Control,27,Western,PestPac,Hammett,ID,550,yes
83628,271,Boise Pest Gemtek Pest Control,27,Western,PestPac,Homedale,ID,"4,203",yes
83629,271,Boise Pest Gemtek Pest Control,27,Western,PestPac,Horseshoe Bend,ID,"1,670",yes
83630,271,Boise Pest Gemtek Pest Control,27,Western,PestPac,Huston,ID,0,yes
83631,271,Boise Pest Gemtek Pest Control,27,Western,PestPac,Idaho City,ID,849,yes
83634,271,Boise Pest Gemtek Pest Control,27,Western,PestPac,Kuna,ID,"27,244",yes
83638,271,Boise Pest Gemtek Pest Control,27,Western,PestPac,Mccall,ID,"6,205",yes
83639,271,Boise Pest Gemtek Pest Control,27,Western,PestPac,Marsing,ID,"3,484",yes
83641,271,Boise Pest Gemtek Pest Control,27,Western,PestPac,Melba,ID,"3,409",yes
83642,271,Boise Pest Gemtek Pest Control,27,Western,PestPac,Meridian,ID,"40,889",yes
83644,271,Boise Pest Gemtek Pest Control,27,Western,PestPac,Middleton,ID,"10,826",yes
83646,271,Boise Pest Gemtek Pest Control,27,Western,PestPac,Meridian,ID,"55,934",yes
83647,271,Boise Pest Gemtek Pest Control,27,Western,PestPac,Mountain Home,ID,"20,561",yes
83648,271,Boise Pest Gemtek Pest Control,27,Western,PestPac,Mountain Home Afb,ID,"3,094",yes
83650,271,Boise Pest Gemtek Pest Control,27,Western,PestPac,Murphy,ID,541,yes
83651,271,Boise Pest Gemtek Pest Control,27,Western,PestPac,Nampa,ID,"32,836",yes
83652,271,Boise Pest Gemtek Pest Control,27,Western,PestPac,Nampa,ID,0,yes
83653,271,Boise Pest Gemtek Pest Control,27,Western,PestPac,Nampa,ID,0,yes
83654,271,Boise Pest Gemtek Pest Control,27,Western,PestPac,New Meadows,ID,"1,531",yes
83655,271,Boise Pest Gemtek Pest Control,27,Western,PestPac,New Plymouth,ID,"4,329",yes
83656,271,Boise Pest Gemtek Pest Control,27,Western,PestPac,Notus,ID,725,yes
83657,271,Boise Pest Gemtek Pest Control,27,Western,PestPac,Ola,ID,219,yes
83660,271,Boise Pest Gemtek Pest Control,27,Western,PestPac,Parma,ID,"6,611",yes
83661,271,Boise Pest Gemtek Pest Control,27,Western,PestPac,Payette,ID,"9,550",yes
83669,271,Boise Pest Gemtek Pest Control,27,Western,PestPac,Star,ID,"9,358",yes
83670,271,Boise Pest Gemtek Pest Control,27,Western,PestPac,Sweet,ID,574,yes
83672,271,Boise Pest Gemtek Pest Control,27,Western,PestPac,Weiser,ID,"8,464",yes
83676,271,Boise Pest Gemtek Pest Control,27,Western,PestPac,Wilder,ID,"4,353",yes
83680,271,Boise Pest Gemtek Pest Control,27,Western,PestPac,Meridian,ID,0,yes
83686,271,Boise Pest Gemtek Pest Control,27,Western,PestPac,Nampa,ID,"47,177",yes
83687,271,Boise Pest Gemtek Pest Control,27,Western,PestPac,Nampa,ID,"30,816",yes
83701,271,Boise Pest Gemtek Pest Control,27,Western,PestPac,Boise,ID,0,yes
83702,271,Boise Pest Gemtek Pest Control,27,Western,PestPac,Boise,ID,"22,751",yes
83703,271,Boise Pest Gemtek Pest Control,27,Western,PestPac,Boise,ID,"16,041",yes
83704,271,Boise Pest Gemtek Pest Control,27,Western,PestPac,Boise,ID,"40,273",yes
83705,271,Boise Pest Gemtek Pest Control,27,Western,PestPac,Boise,ID,"27,415",yes
83706,271,Boise Pest Gemtek Pest Control,27,Western,PestPac,Boise,ID,"32,067",yes
83707,271,Boise Pest Gemtek Pest Control,27,Western,PestPac,Boise,ID,0,yes
83708,271,Boise Pest Gemtek Pest Control,27,Western,PestPac,Boise,ID,0,yes
83709,271,Boise Pest Gemtek Pest Control,27,Western,PestPac,Boise,ID,"54,962",yes
83711,271,Boise Pest Gemtek Pest Control,27,Western,PestPac,Boise,ID,0,yes
83712,271,Boise Pest Gemtek Pest Control,27,Western,PestPac,Boise,ID,"8,337",yes
83713,271,Boise Pest Gemtek Pest Control,27,Western,PestPac,Boise,ID,"30,594",yes
83714,271,Boise Pest Gemtek Pest Control,27,Western,PestPac,Garden City,ID,"20,886",yes
83715,271,Boise Pest Gemtek Pest Control,27,Western,PestPac,Boise,ID,0,yes
83716,271,Boise Pest Gemtek Pest Control,27,Western,PestPac,Boise,ID,"16,927",yes
83717,271,Boise Pest Gemtek Pest Control,27,Western,PestPac,Boise,ID,0,yes
83719,271,Boise Pest Gemtek Pest Control,27,Western,PestPac,Boise,ID,0,yes
83720,271,Boise Pest Gemtek Pest Control,27,Western,PestPac,Boise,ID,0,yes
83721,271,Boise Pest Gemtek Pest Control,27,Western,PestPac,Boise,ID,0,yes
83722,271,Boise Pest Gemtek Pest Control,27,Western,PestPac,Boise,ID,0,yes
83724,271,Boise Pest Gemtek Pest Control,27,Western,PestPac,Boise,ID,0,yes
83725,271,Boise Pest Gemtek Pest Control,27,Western,PestPac,Boise,ID,0,yes
83726,271,Boise Pest Gemtek Pest Control,27,Western,PestPac,Boise,ID,0,yes
83727,271,Boise Pest Gemtek Pest Control,27,Western,PestPac,Boise,ID,0,yes
83728,271,Boise Pest Gemtek Pest Control,27,Western,PestPac,Boise,ID,0,yes
83729,271,Boise Pest Gemtek Pest Control,27,Western,PestPac,Boise,ID,0,yes
83730,271,Boise Pest Gemtek Pest Control,27,Western,PestPac,Boise,ID,0,yes
83731,271,Boise Pest Gemtek Pest Control,27,Western,PestPac,Boise,ID,0,yes
83732,271,Boise Pest Gemtek Pest Control,27,Western,PestPac,Boise,ID,0,yes
83733,271,Boise Pest Gemtek Pest Control,27,Western,PestPac,Boise,ID,0,yes
83735,271,Boise Pest Gemtek Pest Control,27,Western,PestPac,Boise,ID,0,yes
83756,271,Boise Pest Gemtek Pest Control,27,Western,PestPac,Boise,ID,0,yes
83757,271,Boise Pest Gemtek Pest Control,27,Western,PestPac,Boise,ID,0,yes
83799,271,Boise Pest Gemtek Pest Control,27,Western,PestPac,Boise,ID,0,yes
83801,223,Spokane Pest,27,Western,PestPac,Athol,ID,"6,310",yes
83814,223,Spokane Pest,27,Western,PestPac,Coeur D Alene,ID,"26,359",yes
83815,223,Spokane Pest,27,Western,PestPac,Coeur D Alene,ID,"33,035",yes
83816,223,Spokane Pest,27,Western,PestPac,Coeur D Alene,ID,0,yes
83832,223,Spokane Pest,27,Western,PestPac,Genesee,ID,"1,449",yes
83833,223,Spokane Pest,27,Western,PestPac,Harrison,ID,"1,195",yes
83835,223,Spokane Pest,27,Western,PestPac,Hayden,ID,"20,773",yes
83843,223,Spokane Pest,27,Western,PestPac,Moscow,ID,"26,485",yes
83844,223,Spokane Pest,27,Western,PestPac,Moscow,ID,"1,898",yes
83851,223,Spokane Pest,27,Western,PestPac,Plummer,ID,"1,336",yes
83854,223,Spokane Pest,27,Western,PestPac,Post Falls,ID,"39,239",yes
83858,223,Spokane Pest,27,Western,PestPac,Rathdrum,ID,"14,148",yes
83869,223,Spokane Pest,27,Western,PestPac,Spirit Lake,ID,"4,626",yes
83877,223,Spokane Pest,27,Western,PestPac,Post Falls,ID,0,yes
97001,183,Roseburg Pest,27,Western,PestPac,Antelope,OR,373,yes
97002,182,Portland Pest,27,Western,PestPac,Aurora,OR,"5,989",yes
97003,182,Portland Pest,27,Western,PestPac,Beaverton,OR,0,yes
97004,182,Portland Pest,27,Western,PestPac,Beavercreek,OR,"4,022",yes
97005,182,Portland Pest,27,Western,PestPac,Beaverton,OR,"26,437",yes
97006,182,Portland Pest,27,Western,PestPac,Beaverton,OR,"69,158",yes
97007,182,Portland Pest,27,Western,PestPac,Beaverton,OR,"71,711",yes
97008,182,Portland Pest,27,Western,PestPac,Beaverton,OR,"29,036",yes
97009,182,Portland Pest,27,Western,PestPac,Boring,OR,"8,231",yes
97011,182,Portland Pest,27,Western,PestPac,Brightwood,OR,623,yes
97013,182,Portland Pest,27,Western,PestPac,Canby,OR,"23,389",yes
97014,182,Portland Pest,27,Western,PestPac,Cascade Locks,OR,"1,266",yes
97015,182,Portland Pest,27,Western,PestPac,Clackamas,OR,"21,677",yes
97016,182,Portland Pest,27,Western,PestPac,Clatskanie,OR,"6,282",yes
97017,182,Portland Pest,27,Western,PestPac,Colton,OR,"2,867",yes
97018,182,Portland Pest,27,Western,PestPac,Columbia City,OR,"2,151",yes
97019,182,Portland Pest,27,Western,PestPac,Corbett,OR,"2,978",yes
97020,182,Portland Pest,27,Western,PestPac,Donald,OR,955,yes
97022,182,Portland Pest,27,Western,PestPac,Eagle Creek,OR,"3,105",yes
97023,182,Portland Pest,27,Western,PestPac,Estacada,OR,"10,894",yes
97024,182,Portland Pest,27,Western,PestPac,Fairview,OR,"10,339",yes
97026,182,Portland Pest,27,Western,PestPac,Gervais,OR,"4,419",yes
97027,182,Portland Pest,27,Western,PestPac,Gladstone,OR,"12,456",yes
97028,182,Portland Pest,27,Western,PestPac,Government Camp,OR,136,yes
97030,182,Portland Pest,27,Western,PestPac,Gresham,OR,"38,105",yes
97032,182,Portland Pest,27,Western,PestPac,Hubbard,OR,"4,946",yes
97033,182,Portland Pest,27,Western,PestPac,Kent,OR,0,yes
97034,182,Portland Pest,27,Western,PestPac,Lake Oswego,OR,"19,165",yes
97035,182,Portland Pest,27,Western,PestPac,Lake Oswego,OR,"24,630",yes
97036,182,Portland Pest,27,Western,PestPac,Marylhurst,OR,0,yes
97037,183,Roseburg Pest,27,Western,PestPac,Maupin,OR,"1,032",yes
97038,182,Portland Pest,27,Western,PestPac,Molalla,OR,"15,758",yes
97039,182,Portland Pest,27,Western,PestPac,Moro,OR,420,yes
97042,182,Portland Pest,27,Western,PestPac,Mulino,OR,"3,823",yes
97044,182,Portland Pest,27,Western,PestPac,Odell,OR,0,yes
97045,182,Portland Pest,27,Western,PestPac,Oregon City,OR,"54,297",yes
97048,182,Portland Pest,27,Western,PestPac,Rainier,OR,"6,622",yes
97049,182,Portland Pest,27,Western,PestPac,Rhododendron,OR,"1,764",yes
97051,182,Portland Pest,27,Western,PestPac,Saint Helens,OR,"15,783",yes
97053,182,Portland Pest,27,Western,PestPac,Warren,OR,"3,045",yes
97054,182,Portland Pest,27,Western,PestPac,Deer Island,OR,"1,860",yes
97055,182,Portland Pest,27,Western,PestPac,Sandy,OR,"18,039",yes
97056,182,Portland Pest,27,Western,PestPac,Scappoose,OR,"11,742",yes
97057,182,Portland Pest,27,Western,PestPac,Shaniko,OR,7,yes
97060,182,Portland Pest,27,Western,PestPac,Troutdale,OR,"22,663",yes
97062,182,Portland Pest,27,Western,PestPac,Tualatin,OR,"28,458",yes
97063,182,Portland Pest,27,Western,PestPac,Tygh Valley,OR,949,yes
97064,182,Portland Pest,27,Western,PestPac,Vernonia,OR,"3,385",yes
97067,182,Portland Pest,27,Western,PestPac,Welches,OR,"2,353",yes
97068,182,Portland Pest,27,Western,PestPac,West Linn,OR,"29,481",yes
97070,182,Portland Pest,27,Western,PestPac,Wilsonville,OR,"23,389",yes
97071,182,Portland Pest,27,Western,PestPac,Woodburn,OR,"28,604",yes
97075,182,Portland Pest,27,Western,PestPac,Beaverton,OR,0,yes
97076,182,Portland Pest,27,Western,PestPac,Beaverton,OR,0,yes
97077,182,Portland Pest,27,Western,PestPac,Beaverton,OR,0,yes
97078,182,Portland Pest,27,Western,PestPac,Beaverton,OR,0,yes
97079,182,Portland Pest,27,Western,PestPac,Beaverton,OR,0,yes
97080,182,Portland Pest,27,Western,PestPac,Gresham,OR,"42,486",yes
97086,182,Portland Pest,27,Western,PestPac,Happy Valley,OR,"28,373",yes
97089,182,Portland Pest,27,Western,PestPac,Damascus,OR,"12,692",yes
97101,182,Portland Pest,27,Western,PestPac,Amity,OR,"3,744",yes
97106,182,Portland Pest,27,Western,PestPac,Banks,OR,"4,836",yes
97109,182,Portland Pest,27,Western,PestPac,Buxton,OR,608,yes
97111,182,Portland Pest,27,Western,PestPac,Carlton,OR,"3,683",yes
97113,182,Portland Pest,27,Western,PestPac,Cornelius,OR,"14,440",yes
97114,182,Portland Pest,27,Western,PestPac,Dayton,OR,"4,927",yes
97115,182,Portland Pest,27,Western,PestPac,Dundee,OR,"4,137",yes
97116,182,Portland Pest,27,Western,PestPac,Forest Grove,OR,"25,954",yes
97117,182,Portland Pest,27,Western,PestPac,Gales Creek,OR,504,yes
97119,182,Portland Pest,27,Western,PestPac,Gaston,OR,"4,180",yes
97123,182,Portland Pest,27,Western,PestPac,Hillsboro,OR,"47,729",yes
97124,182,Portland Pest,27,Western,PestPac,Hillsboro,OR,"52,026",yes
97125,182,Portland Pest,27,Western,PestPac,Manning,OR,64,yes
97127,182,Portland Pest,27,Western,PestPac,Lafayette,OR,"3,885",yes
97128,182,Portland Pest,27,Western,PestPac,Mcminnville,OR,"37,986",yes
97129,182,Portland Pest,27,Western,PestPac,Hillsboro,OR,0,yes
97132,182,Portland Pest,27,Western,PestPac,Newberg,OR,"29,367",yes
97133,182,Portland Pest,27,Western,PestPac,North Plains,OR,"3,826",yes
97137,182,Portland Pest,27,Western,PestPac,Saint Paul,OR,"1,300",yes
97140,182,Portland Pest,27,Western,PestPac,Sherwood,OR,"25,049",yes
97148,182,Portland Pest,27,Western,PestPac,Yamhill,OR,"3,404",yes
97149,182,Portland Pest,27,Western,PestPac,Neskowin,OR,0,yes
97201,182,Portland Pest,27,Western,PestPac,Portland,OR,"16,946",yes
97202,182,Portland Pest,27,Western,PestPac,Portland,OR,"41,719",yes
97203,182,Portland Pest,27,Western,PestPac,Portland,OR,"33,715",yes
97204,182,Portland Pest,27,Western,PestPac,Portland,OR,"1,033",yes
97205,182,Portland Pest,27,Western,PestPac,Portland,OR,"7,262",yes
97206,182,Portland Pest,27,Western,PestPac,Portland,OR,"49,935",yes
97207,182,Portland Pest,27,Western,PestPac,Portland,OR,0,yes
97208,182,Portland Pest,27,Western,PestPac,Portland,OR,0,yes
97209,182,Portland Pest,27,Western,PestPac,Portland,OR,"15,578",yes
97210,182,Portland Pest,27,Western,PestPac,Portland,OR,"11,371",yes
97211,182,Portland Pest,27,Western,PestPac,Portland,OR,"34,303",yes
97212,182,Portland Pest,27,Western,PestPac,Portland,OR,"26,256",yes
97213,182,Portland Pest,27,Western,PestPac,Portland,OR,"31,889",yes
97214,182,Portland Pest,27,Western,PestPac,Portland,OR,"25,024",yes
97215,182,Portland Pest,27,Western,PestPac,Portland,OR,"17,499",yes
97216,182,Portland Pest,27,Western,PestPac,Portland,OR,"16,863",yes
97217,182,Portland Pest,27,Western,PestPac,Portland,OR,"32,371",yes
97218,182,Portland Pest,27,Western,PestPac,Portland,OR,"15,454",yes
97219,182,Portland Pest,27,Western,PestPac,Portland,OR,"40,946",yes
97220,182,Portland Pest,27,Western,PestPac,Portland,OR,"29,810",yes
97221,182,Portland Pest,27,Western,PestPac,Portland,OR,"12,615",yes
97222,182,Portland Pest,27,Western,PestPac,Portland,OR,"35,866",yes
97223,182,Portland Pest,27,Western,PestPac,Portland,OR,"49,348",yes
97224,182,Portland Pest,27,Western,PestPac,Portland,OR,"33,442",yes
97225,182,Portland Pest,27,Western,PestPac,Portland,OR,"25,519",yes
97227,182,Portland Pest,27,Western,PestPac,Portland,OR,"4,433",yes
97228,182,Portland Pest,27,Western,PestPac,Portland,OR,0,yes
97229,182,Portland Pest,27,Western,PestPac,Portland,OR,"63,867",yes
97230,182,Portland Pest,27,Western,PestPac,Portland,OR,"40,433",yes
97231,182,Portland Pest,27,Western,PestPac,Portland,OR,"3,655",yes
97232,182,Portland Pest,27,Western,PestPac,Portland,OR,"12,545",yes
97233,182,Portland Pest,27,Western,PestPac,Portland,OR,"41,697",yes
97236,182,Portland Pest,27,Western,PestPac,Portland,OR,"39,237",yes
97238,182,Portland Pest,27,Western,PestPac,Portland,OR,0,yes
97239,182,Portland Pest,27,Western,PestPac,Portland,OR,"16,190",yes
97240,182,Portland Pest,27,Western,PestPac,Portland,OR,0,yes
97242,182,Portland Pest,27,Western,PestPac,Portland,OR,0,yes
97250,182,Portland Pest,27,Western,PestPac,Portland,OR,0,yes
97251,182,Portland Pest,27,Western,PestPac,Portland,OR,0,yes
97252,182,Portland Pest,27,Western,PestPac,Portland,OR,0,yes
97253,182,Portland Pest,27,Western,PestPac,Portland,OR,0,yes
97254,182,Portland Pest,27,Western,PestPac,Portland,OR,0,yes
97255,182,Portland Pest,27,Western,PestPac,Portland,OR,0,yes
97256,182,Portland Pest,27,Western,PestPac,Portland,OR,0,yes
97258,182,Portland Pest,27,Western,PestPac,Portland,OR,0,yes
97259,182,Portland Pest,27,Western,PestPac,Portland,OR,0,yes
97266,182,Portland Pest,27,Western,PestPac,Portland,OR,"35,299",yes
97267,182,Portland Pest,27,Western,PestPac,Portland,OR,"31,526",yes
97268,182,Portland Pest,27,Western,PestPac,Portland,OR,0,yes
97269,182,Portland Pest,27,Western,PestPac,Portland,OR,0,yes
97271,182,Portland Pest,27,Western,PestPac,Portland,OR,0,yes
97272,182,Portland Pest,27,Western,PestPac,Portland,OR,0,yes
97280,182,Portland Pest,27,Western,PestPac,Portland,OR,0,yes
97281,182,Portland Pest,27,Western,PestPac,Portland,OR,0,yes
97282,182,Portland Pest,27,Western,PestPac,Portland,OR,0,yes
97283,182,Portland Pest,27,Western,PestPac,Portland,OR,0,yes
97286,182,Portland Pest,27,Western,PestPac,Portland,OR,0,yes
97290,182,Portland Pest,27,Western,PestPac,Portland,OR,0,yes
97291,182,Portland Pest,27,Western,PestPac,Portland,OR,0,yes
97292,182,Portland Pest,27,Western,PestPac,Portland,OR,0,yes
97293,182,Portland Pest,27,Western,PestPac,Portland,OR,0,yes
97294,182,Portland Pest,27,Western,PestPac,Portland,OR,0,yes
97296,182,Portland Pest,27,Western,PestPac,Portland,OR,0,yes
97298,182,Portland Pest,27,Western,PestPac,Portland,OR,0,yes
97299,182,Portland Pest,27,Western,PestPac,Portland,OR,0,yes
97301,182,Portland Pest,27,Western,PestPac,Salem,OR,"54,743",yes
97302,182,Portland Pest,27,Western,PestPac,Salem,OR,"38,093",yes
97303,182,Portland Pest,27,Western,PestPac,Salem,OR,"39,234",yes
97304,182,Portland Pest,27,Western,PestPac,Salem,OR,"30,795",yes
97305,182,Portland Pest,27,Western,PestPac,Salem,OR,"41,790",yes
97306,182,Portland Pest,27,Western,PestPac,Salem,OR,"29,654",yes
97307,182,Portland Pest,27,Western,PestPac,Keizer,OR,0,yes
97308,182,Portland Pest,27,Western,PestPac,Salem,OR,0,yes
97309,182,Portland Pest,27,Western,PestPac,Salem,OR,0,yes
97310,182,Portland Pest,27,Western,PestPac,Salem,OR,0,yes
97311,182,Portland Pest,27,Western,PestPac,Salem,OR,0,yes
97312,182,Portland Pest,27,Western,PestPac,Salem,OR,0,yes
97313,182,Portland Pest,27,Western,PestPac,Salem,OR,0,yes
97314,182,Portland Pest,27,Western,PestPac,Salem,OR,0,yes
97317,182,Portland Pest,27,Western,PestPac,Salem,OR,"24,257",yes
97321,183,Roseburg Pest,27,Western,PestPac,Albany,OR,"26,729",yes
97322,183,Roseburg Pest,27,Western,PestPac,Albany,OR,"34,388",yes
97325,182,Portland Pest,27,Western,PestPac,Aumsville,OR,"7,191",yes
97327,183,Roseburg Pest,27,Western,PestPac,Brownsville,OR,"3,089",yes
97329,183,Roseburg Pest,27,Western,PestPac,Cascadia,OR,202,yes
97330,183,Roseburg Pest,27,Western,PestPac,Corvallis,OR,"41,913",yes
97331,183,Roseburg Pest,27,Western,PestPac,Corvallis,OR,"2,726",yes
97333,183,Roseburg Pest,27,Western,PestPac,Corvallis,OR,"21,545",yes
97335,183,Roseburg Pest,27,Western,PestPac,Crabtree,OR,0,yes
97336,183,Roseburg Pest,27,Western,PestPac,Crawfordsville,OR,0,yes
97338,182,Portland Pest,27,Western,PestPac,Dallas,OR,"20,491",yes
97339,183,Roseburg Pest,27,Western,PestPac,Corvallis,OR,0,yes
97341,182,Portland Pest,27,Western,PestPac,Depoe Bay,OR,"2,353",yes
97342,183,Roseburg Pest,27,Western,PestPac,Detroit,OR,171,yes
97345,183,Roseburg Pest,27,Western,PestPac,Foster,OR,362,yes
97346,182,Portland Pest,27,Western,PestPac,Gates,OR,757,yes
97347,182,Portland Pest,27,Western,PestPac,Grand Ronde,OR,"2,034",yes
97348,183,Roseburg Pest,27,Western,PestPac,Halsey,OR,"1,697",yes
97350,183,Roseburg Pest,27,Western,PestPac,Idanha,OR,206,yes
97351,182,Portland Pest,27,Western,PestPac,Independence,OR,"10,067",yes
97352,182,Portland Pest,27,Western,PestPac,Jefferson,OR,"6,963",yes
97355,183,Roseburg Pest,27,Western,PestPac,Lebanon,OR,"28,774",yes
97358,182,Portland Pest,27,Western,PestPac,Lyons,OR,"2,641",yes
97360,182,Portland Pest,27,Western,PestPac,Mill City,OR,"2,405",yes
97361,182,Portland Pest,27,Western,PestPac,Monmouth,OR,"11,889",yes
97362,182,Portland Pest,27,Western,PestPac,Mount Angel,OR,"4,197",yes
97366,182,Portland Pest,27,Western,PestPac,South Beach,OR,"1,435",yes
97367,182,Portland Pest,27,Western,PestPac,Lincoln City,OR,"9,283",yes
97368,182,Portland Pest,27,Western,PestPac,Otis,OR,"3,427",yes
97370,183,Roseburg Pest,27,Western,PestPac,Philomath,OR,"8,206",yes
97371,182,Portland Pest,27,Western,PestPac,Rickreall,OR,504,yes
97373,182,Portland Pest,27,Western,PestPac,Saint Benedict,OR,194,yes
97374,183,Roseburg Pest,27,Western,PestPac,Scio,OR,"5,787",yes
97375,182,Portland Pest,27,Western,PestPac,Scotts Mills,OR,"1,514",yes
97377,183,Roseburg Pest,27,Western,PestPac,Shedd,OR,658,yes
97378,182,Portland Pest,27,Western,PestPac,Sheridan,OR,"8,286",yes
97381,182,Portland Pest,27,Western,PestPac,Silverton,OR,"15,189",yes
97383,182,Portland Pest,27,Western,PestPac,Stayton,OR,"9,444",yes
97384,182,Portland Pest,27,Western,PestPac,Mehama,OR,0,yes
97385,182,Portland Pest,27,Western,PestPac,Sublimity,OR,"3,212",yes
97386,183,Roseburg Pest,27,Western,PestPac,Sweet Home,OR,"14,347",yes
97388,182,Portland Pest,27,Western,PestPac,Gleneden Beach,OR,534,yes
97389,183,Roseburg Pest,27,Western,PestPac,Tangent,OR,"1,757",yes
97392,182,Portland Pest,27,Western,PestPac,Turner,OR,"6,074",yes
97396,182,Portland Pest,27,Western,PestPac,Willamina,OR,"2,971",yes
97401,183,Roseburg Pest,27,Western,PestPac,Eugene,OR,"41,610",yes
97402,183,Roseburg Pest,27,Western,PestPac,Eugene,OR,"52,041",yes
97403,183,Roseburg Pest,27,Western,PestPac,Eugene,OR,"12,590",yes
97404,183,Roseburg Pest,27,Western,PestPac,Eugene,OR,"32,792",yes
97405,183,Roseburg Pest,27,Western,PestPac,Eugene,OR,"46,593",yes
97406,183,Roseburg Pest,27,Western,PestPac,Agness,OR,26,yes
97407,183,Roseburg Pest,27,Western,PestPac,Allegany,OR,0,yes
97408,183,Roseburg Pest,27,Western,PestPac,Eugene,OR,"12,112",yes
97409,183,Roseburg Pest,27,Western,PestPac,Alvadore,OR,0,yes
97410,183,Roseburg Pest,27,Western,PestPac,Azalea,OR,852,yes
97411,183,Roseburg Pest,27,Western,PestPac,Bandon,OR,"7,476",yes
97412,183,Roseburg Pest,27,Western,PestPac,Blachly,OR,487,yes
97413,183,Roseburg Pest,27,Western,PestPac,Blue River,OR,784,yes
97414,183,Roseburg Pest,27,Western,PestPac,Broadbent,OR,338,yes
97415,183,Roseburg Pest,27,Western,PestPac,Brookings,OR,"13,816",yes
97416,183,Roseburg Pest,27,Western,PestPac,Camas Valley,OR,"1,259",yes
97417,183,Roseburg Pest,27,Western,PestPac,Canyonville,OR,"2,762",yes
97419,183,Roseburg Pest,27,Western,PestPac,Cheshire,OR,"1,162",yes
97420,183,Roseburg Pest,27,Western,PestPac,Coos Bay,OR,"27,496",yes
97423,183,Roseburg Pest,27,Western,PestPac,Coquille,OR,"6,345",yes
97424,183,Roseburg Pest,27,Western,PestPac,Cottage Grove,OR,"18,036",yes
97426,183,Roseburg Pest,27,Western,PestPac,Creswell,OR,"9,276",yes
97428,183,Roseburg Pest,27,Western,PestPac,Curtin,OR,0,yes
97429,183,Roseburg Pest,27,Western,PestPac,Days Creek,OR,779,yes
97431,183,Roseburg Pest,27,Western,PestPac,Dexter,OR,"2,591",yes
97432,183,Roseburg Pest,27,Western,PestPac,Dillard,OR,0,yes
97435,183,Roseburg Pest,27,Western,PestPac,Drain,OR,"2,086",yes
97436,183,Roseburg Pest,27,Western,PestPac,Elkton,OR,888,yes
97437,183,Roseburg Pest,27,Western,PestPac,Elmira,OR,"2,598",yes
97438,183,Roseburg Pest,27,Western,PestPac,Fall Creek,OR,950,yes
97439,183,Roseburg Pest,27,Western,PestPac,Florence,OR,"14,232",yes
97440,183,Roseburg Pest,27,Western,PestPac,Eugene,OR,0,yes
97441,183,Roseburg Pest,27,Western,PestPac,Gardiner,OR,190,yes
97442,183,Roseburg Pest,27,Western,PestPac,Glendale,OR,"1,956",yes
97443,183,Roseburg Pest,27,Western,PestPac,Glide,OR,"2,376",yes
97444,183,Roseburg Pest,27,Western,PestPac,Gold Beach,OR,"5,364",yes
97446,183,Roseburg Pest,27,Western,PestPac,Harrisburg,OR,"5,173",yes
97447,183,Roseburg Pest,27,Western,PestPac,Idleyld Park,OR,710,yes
97448,183,Roseburg Pest,27,Western,PestPac,Junction City,OR,"12,312",yes
97449,183,Roseburg Pest,27,Western,PestPac,Lakeside,OR,"1,910",yes
97450,183,Roseburg Pest,27,Western,PestPac,Langlois,OR,502,yes
97452,183,Roseburg Pest,27,Western,PestPac,Lowell,OR,"1,659",yes
97454,183,Roseburg Pest,27,Western,PestPac,Marcola,OR,"1,410",yes
97455,183,Roseburg Pest,27,Western,PestPac,Pleasant Hill,OR,"2,672",yes
97456,183,Roseburg Pest,27,Western,PestPac,Monroe,OR,"2,880",yes
97457,183,Roseburg Pest,27,Western,PestPac,Myrtle Creek,OR,"9,872",yes
97458,183,Roseburg Pest,27,Western,PestPac,Myrtle Point,OR,"4,653",yes
97459,183,Roseburg Pest,27,Western,PestPac,North Bend,OR,"13,819",yes
97461,183,Roseburg Pest,27,Western,PestPac,Noti,OR,927,yes
97462,183,Roseburg Pest,27,Western,PestPac,Oakland,OR,"3,901",yes
97464,183,Roseburg Pest,27,Western,PestPac,Ophir,OR,0,yes
97465,183,Roseburg Pest,27,Western,PestPac,Port Orford,OR,"2,454",yes
97466,183,Roseburg Pest,27,Western,PestPac,Powers,OR,930,yes
97467,183,Roseburg Pest,27,Western,PestPac,Reedsport,OR,"4,949",yes
97469,183,Roseburg Pest,27,Western,PestPac,Riddle,OR,"2,695",yes
97470,183,Roseburg Pest,27,Western,PestPac,Roseburg,OR,"20,035",yes
97471,183,Roseburg Pest,27,Western,PestPac,Roseburg,OR,"29,369",yes
97472,183,Roseburg Pest,27,Western,PestPac,Cottage Grove,OR,0,yes
97473,183,Roseburg Pest,27,Western,PestPac,Scottsburg,OR,304,yes
97475,183,Roseburg Pest,27,Western,PestPac,Springfield,OR,0,yes
97476,183,Roseburg Pest,27,Western,PestPac,Sixes,OR,202,yes
97477,183,Roseburg Pest,27,Western,PestPac,Springfield,OR,"37,074",yes
97478,183,Roseburg Pest,27,Western,PestPac,Springfield,OR,"38,743",yes
97479,183,Roseburg Pest,27,Western,PestPac,Sutherlin,OR,"9,516",yes
97481,183,Roseburg Pest,27,Western,PestPac,Tenmile,OR,603,yes
97482,183,Roseburg Pest,27,Western,PestPac,Thurston,OR,0,yes
97486,183,Roseburg Pest,27,Western,PestPac,Umpqua,OR,750,yes
97487,183,Roseburg Pest,27,Western,PestPac,Veneta,OR,"8,337",yes
97488,183,Roseburg Pest,27,Western,PestPac,Vida,OR,"1,080",yes
97489,183,Roseburg Pest,27,Western,PestPac,Walterville,OR,816,yes
97490,183,Roseburg Pest,27,Western,PestPac,Walton,OR,360,yes
97491,183,Roseburg Pest,27,Western,PestPac,Wedderburn,OR,0,yes
97492,183,Roseburg Pest,27,Western,PestPac,Westfir,OR,770,yes
97493,183,Roseburg Pest,27,Western,PestPac,Westlake,OR,296,yes
97494,183,Roseburg Pest,27,Western,PestPac,Wilbur,OR,29,yes
97495,183,Roseburg Pest,27,Western,PestPac,Winchester,OR,"1,689",yes
97496,183,Roseburg Pest,27,Western,PestPac,Winston,OR,"7,349",yes
97497,183,Roseburg Pest,27,Western,PestPac,Wolf Creek,OR,"1,639",yes
97499,183,Roseburg Pest,27,Western,PestPac,Yoncalla,OR,"1,882",yes
97501,183,Roseburg Pest,27,Western,PestPac,Medford,OR,"44,558",yes
97502,183,Roseburg Pest,27,Western,PestPac,Central Point,OR,"28,735",yes
97503,183,Roseburg Pest,27,Western,PestPac,White City,OR,"12,188",yes
97504,183,Roseburg Pest,27,Western,PestPac,Medford,OR,"46,980",yes
97520,183,Roseburg Pest,27,Western,PestPac,Ashland,OR,"25,274",yes
97522,183,Roseburg Pest,27,Western,PestPac,Butte Falls,OR,488,yes
97523,183,Roseburg Pest,27,Western,PestPac,Cave Junction,OR,"6,628",yes
97524,183,Roseburg Pest,27,Western,PestPac,Eagle Point,OR,"13,796",yes
97525,183,Roseburg Pest,27,Western,PestPac,Gold Hill,OR,"4,244",yes
97526,183,Roseburg Pest,27,Western,PestPac,Grants Pass,OR,"34,399",yes
97527,183,Roseburg Pest,27,Western,PestPac,Grants Pass,OR,"34,606",yes
97528,183,Roseburg Pest,27,Western,PestPac,Grants Pass,OR,0,yes
97530,183,Roseburg Pest,27,Western,PestPac,Jacksonville,OR,"6,363",yes
97531,183,Roseburg Pest,27,Western,PestPac,Kerby,OR,778,yes
97532,183,Roseburg Pest,27,Western,PestPac,Merlin,OR,"2,349",yes
97533,183,Roseburg Pest,27,Western,PestPac,Murphy,OR,0,yes
97534,183,Roseburg Pest,27,Western,PestPac,O Brien,OR,679,yes
97535,183,Roseburg Pest,27,Western,PestPac,Phoenix,OR,"5,383",yes
97537,183,Roseburg Pest,27,Western,PestPac,Rogue River,OR,"7,632",yes
97538,183,Roseburg Pest,27,Western,PestPac,Selma,OR,"1,558",yes
97539,183,Roseburg Pest,27,Western,PestPac,Shady Cove,OR,"3,280",yes
97540,183,Roseburg Pest,27,Western,PestPac,Talent,OR,"8,143",yes
97541,183,Roseburg Pest,27,Western,PestPac,Trail,OR,"1,325",yes
97543,183,Roseburg Pest,27,Western,PestPac,Wilderville,OR,573,yes
97544,183,Roseburg Pest,27,Western,PestPac,Williams,OR,"2,255",yes
97601,183,Roseburg Pest,27,Western,PestPac,Klamath Falls,OR,"21,937",yes
97602,183,Roseburg Pest,27,Western,PestPac,Klamath Falls,OR,0,yes
97603,183,Roseburg Pest,27,Western,PestPac,Klamath Falls,OR,"29,435",yes
97701,183,Roseburg Pest,27,Western,PestPac,Bend,OR,"63,734",yes
97702,183,Roseburg Pest,27,Western,PestPac,Bend,OR,"45,529",yes
97703,183,Roseburg Pest,27,Western,PestPac,Bend,OR,0,yes
97707,183,Roseburg Pest,27,Western,PestPac,Bend,OR,"6,388",yes
97708,183,Roseburg Pest,27,Western,PestPac,Bend,OR,0,yes
97709,183,Roseburg Pest,27,Western,PestPac,Bend,OR,0,yes
97733,183,Roseburg Pest,27,Western,PestPac,Crescent,OR,327,yes
97734,183,Roseburg Pest,27,Western,PestPac,Culver,OR,"2,182",yes
97737,183,Roseburg Pest,27,Western,PestPac,Gilchrist,OR,696,yes
97739,183,Roseburg Pest,27,Western,PestPac,La Pine,OR,"11,039",yes
97741,183,Roseburg Pest,27,Western,PestPac,Madras,OR,"8,373",yes
97753,183,Roseburg Pest,27,Western,PestPac,Powell Butte,OR,"1,981",yes
97754,183,Roseburg Pest,27,Western,PestPac,Prineville,OR,"18,978",yes
97756,183,Roseburg Pest,27,Western,PestPac,Redmond,OR,"36,882",yes
97759,183,Roseburg Pest,27,Western,PestPac,Sisters,OR,"6,220",yes
97760,183,Roseburg Pest,27,Western,PestPac,Terrebonne,OR,"5,621",yes
97814,271,Boise Pest Gemtek Pest Control,27,Western,PestPac,Baker City,OR,"9,500",yes
97818,223,Spokane Pest,27,Western,PestPac,Boardman,OR,"4,344",yes
97828,271,Boise Pest Gemtek Pest Control,27,Western,PestPac,Enterprise,OR,"2,575",yes
97830,182,Portland Pest,27,Western,PestPac,Fossil,OR,484,yes
97850,271,Boise Pest Gemtek Pest Control,27,Western,PestPac,La Grande,OR,"16,833",yes
97882,223,Spokane Pest,27,Western,PestPac,Umatilla,OR,"7,812",yes
97913,271,Boise Pest Gemtek Pest Control,27,Western,PestPac,Nyssa,OR,"5,341",yes
97914,271,Boise Pest Gemtek Pest Control,27,Western,PestPac,Ontario,OR,"18,774",yes
97918,271,Boise Pest Gemtek Pest Control,27,Western,PestPac,Vale,OR,"4,201",yes
98001,180,Seattle Pest,27,Western,PestPac,Auburn,WA,"31,664",yes
98002,180,Seattle Pest,27,Western,PestPac,Auburn,WA,"33,991",yes
98003,180,Seattle Pest,27,Western,PestPac,Federal Way,WA,"47,407",yes
98004,180,Seattle Pest,27,Western,PestPac,Bellevue,WA,"33,124",yes
98005,180,Seattle Pest,27,Western,PestPac,Bellevue,WA,"18,059",yes
98006,180,Seattle Pest,27,Western,PestPac,Bellevue,WA,"37,819",yes
98007,180,Seattle Pest,27,Western,PestPac,Bellevue,WA,"27,050",yes
98008,180,Seattle Pest,27,Western,PestPac,Bellevue,WA,"24,763",yes
98009,180,Seattle Pest,27,Western,PestPac,Bellevue,WA,0,yes
98010,180,Seattle Pest,27,Western,PestPac,Black Diamond,WA,"5,143",yes
98011,180,Seattle Pest,27,Western,PestPac,Bothell,WA,"31,674",yes
98012,180,Seattle Pest,27,Western,PestPac,Bothell,WA,"58,206",yes
98014,180,Seattle Pest,27,Western,PestPac,Carnation,WA,"6,946",yes
98015,180,Seattle Pest,27,Western,PestPac,Bellevue,WA,0,yes
98019,180,Seattle Pest,27,Western,PestPac,Duvall,WA,"11,272",yes
98020,180,Seattle Pest,27,Western,PestPac,Edmonds,WA,"19,996",yes
98021,180,Seattle Pest,27,Western,PestPac,Bothell,WA,"29,885",yes
98022,180,Seattle Pest,27,Western,PestPac,Enumclaw,WA,"21,908",yes
98023,180,Seattle Pest,27,Western,PestPac,Federal Way,WA,"50,333",yes
98024,180,Seattle Pest,27,Western,PestPac,Fall City,WA,"6,220",yes
98025,180,Seattle Pest,27,Western,PestPac,Hobart,WA,0,yes
98026,180,Seattle Pest,27,Western,PestPac,Edmonds,WA,"36,844",yes
98027,180,Seattle Pest,27,Western,PestPac,Issaquah,WA,"28,879",yes
98028,180,Seattle Pest,27,Western,PestPac,Kenmore,WA,"21,791",yes
98029,180,Seattle Pest,27,Western,PestPac,Issaquah,WA,"26,486",yes
98030,180,Seattle Pest,27,Western,PestPac,Kent,WA,"37,213",yes
98031,180,Seattle Pest,27,Western,PestPac,Kent,WA,"36,990",yes
98032,180,Seattle Pest,27,Western,PestPac,Kent,WA,"36,414",yes
98033,180,Seattle Pest,27,Western,PestPac,Kirkland,WA,"37,629",yes
98034,180,Seattle Pest,27,Western,PestPac,Kirkland,WA,"42,665",yes
98035,180,Seattle Pest,27,Western,PestPac,Kent,WA,0,yes
98036,180,Seattle Pest,27,Western,PestPac,Lynnwood,WA,"38,536",yes
98037,180,Seattle Pest,27,Western,PestPac,Lynnwood,WA,"28,359",yes
98038,180,Seattle Pest,27,Western,PestPac,Maple Valley,WA,"34,932",yes
98039,180,Seattle Pest,27,Western,PestPac,Medina,WA,"3,169",yes
98040,180,Seattle Pest,27,Western,PestPac,Mercer Island,WA,"24,467",yes
98041,180,Seattle Pest,27,Western,PestPac,Bothell,WA,0,yes
98042,180,Seattle Pest,27,Western,PestPac,Kent,WA,"45,860",yes
98043,180,Seattle Pest,27,Western,PestPac,Mountlake Terrace,WA,"20,774",yes
98045,183,Roseburg Pest,27,Western,PestPac,North Bend,WA,"14,484",yes
98046,180,Seattle Pest,27,Western,PestPac,Lynnwood,WA,0,yes
98047,180,Seattle Pest,27,Western,PestPac,Pacific,WA,"6,775",yes
98050,180,Seattle Pest,27,Western,PestPac,Preston,WA,186,yes
98051,180,Seattle Pest,27,Western,PestPac,Ravensdale,WA,"3,320",yes
98052,180,Seattle Pest,27,Western,PestPac,Redmond,WA,"63,724",yes
98053,180,Seattle Pest,27,Western,PestPac,Redmond,WA,"21,809",yes
98054,180,Seattle Pest,27,Western,PestPac,Redondo,WA,0,yes
98055,180,Seattle Pest,27,Western,PestPac,Renton,WA,"22,906",yes
98056,180,Seattle Pest,27,Western,PestPac,Renton,WA,"35,140",yes
98057,180,Seattle Pest,27,Western,PestPac,Renton,WA,"12,963",yes
98058,180,Seattle Pest,27,Western,PestPac,Renton,WA,"43,747",yes
98059,180,Seattle Pest,27,Western,PestPac,Renton,WA,"37,217",yes
98062,180,Seattle Pest,27,Western,PestPac,Seahurst,WA,0,yes
98063,180,Seattle Pest,27,Western,PestPac,Federal Way,WA,0,yes
98064,180,Seattle Pest,27,Western,PestPac,Kent,WA,0,yes
98065,180,Seattle Pest,27,Western,PestPac,Snoqualmie,WA,"14,642",yes
98068,180,Seattle Pest,27,Western,PestPac,Snoqualmie Pass,WA,256,yes
98070,180,Seattle Pest,27,Western,PestPac,Vashon,WA,"9,844",yes
98071,180,Seattle Pest,27,Western,PestPac,Auburn,WA,0,yes
98072,180,Seattle Pest,27,Western,PestPac,Woodinville,WA,"23,006",yes
98073,180,Seattle Pest,27,Western,PestPac,Redmond,WA,0,yes
98074,180,Seattle Pest,27,Western,PestPac,Sammamish,WA,"27,184",yes
98075,180,Seattle Pest,27,Western,PestPac,Sammamish,WA,"23,413",yes
98077,180,Seattle Pest,27,Western,PestPac,Woodinville,WA,"14,678",yes
98082,180,Seattle Pest,27,Western,PestPac,Mill Creek,WA,0,yes
98083,180,Seattle Pest,27,Western,PestPac,Kirkland,WA,0,yes
98087,180,Seattle Pest,27,Western,PestPac,Lynnwood,WA,"36,649",yes
98089,180,Seattle Pest,27,Western,PestPac,Kent,WA,0,yes
98092,180,Seattle Pest,27,Western,PestPac,Auburn,WA,"43,156",yes
98093,180,Seattle Pest,27,Western,PestPac,Federal Way,WA,0,yes
98101,180,Seattle Pest,27,Western,PestPac,Seattle,WA,"12,044",yes
98102,180,Seattle Pest,27,Western,PestPac,Seattle,WA,"24,030",yes
98103,180,Seattle Pest,27,Western,PestPac,Seattle,WA,"49,364",yes
98104,180,Seattle Pest,27,Western,PestPac,Seattle,WA,"13,989",yes
98105,180,Seattle Pest,27,Western,PestPac,Seattle,WA,"46,514",yes
98106,180,Seattle Pest,27,Western,PestPac,Seattle,WA,"25,846",yes
98107,180,Seattle Pest,27,Western,PestPac,Seattle,WA,"24,179",yes
98108,180,Seattle Pest,27,Western,PestPac,Seattle,WA,"24,351",yes
98109,180,Seattle Pest,27,Western,PestPac,Seattle,WA,"25,906",yes
98110,180,Seattle Pest,27,Western,PestPac,Bainbridge Island,WA,"23,576",yes
98111,180,Seattle Pest,27,Western,PestPac,Seattle,WA,0,yes
98112,180,Seattle Pest,27,Western,PestPac,Seattle,WA,"23,082",yes
98113,180,Seattle Pest,27,Western,PestPac,Seattle,WA,0,yes
98114,180,Seattle Pest,27,Western,PestPac,Seattle,WA,0,yes
98115,180,Seattle Pest,27,Western,PestPac,Seattle,WA,"50,258",yes
98116,180,Seattle Pest,27,Western,PestPac,Seattle,WA,"25,234",yes
98117,180,Seattle Pest,27,Western,PestPac,Seattle,WA,"32,682",yes
98118,180,Seattle Pest,27,Western,PestPac,Seattle,WA,"44,686",yes
98119,180,Seattle Pest,27,Western,PestPac,Seattle,WA,"24,567",yes
98121,180,Seattle Pest,27,Western,PestPac,Seattle,WA,"14,678",yes
98122,180,Seattle Pest,27,Western,PestPac,Seattle,WA,"35,445",yes
98124,180,Seattle Pest,27,Western,PestPac,Seattle,WA,0,yes
98125,180,Seattle Pest,27,Western,PestPac,Seattle,WA,"39,692",yes
98126,180,Seattle Pest,27,Western,PestPac,Seattle,WA,"22,632",yes
98127,180,Seattle Pest,27,Western,PestPac,Seattle,WA,0,yes
98129,180,Seattle Pest,27,Western,PestPac,Seattle,WA,0,yes
98131,180,Seattle Pest,27,Western,PestPac,Seattle,WA,0,yes
98132,180,Seattle Pest,27,Western,PestPac,Seattle,WA,0,yes
98133,180,Seattle Pest,27,Western,PestPac,Seattle,WA,"47,522",yes
98134,180,Seattle Pest,27,Western,PestPac,Seattle,WA,847,yes
98136,180,Seattle Pest,27,Western,PestPac,Seattle,WA,"16,090",yes
98138,180,Seattle Pest,27,Western,PestPac,Seattle,WA,0,yes
98139,180,Seattle Pest,27,Western,PestPac,Seattle,WA,0,yes
98141,180,Seattle Pest,27,Western,PestPac,Seattle,WA,0,yes
98144,180,Seattle Pest,27,Western,PestPac,Seattle,WA,"30,090",yes
98145,180,Seattle Pest,27,Western,PestPac,Seattle,WA,0,yes
98146,180,Seattle Pest,27,Western,PestPac,Seattle,WA,"27,456",yes
98148,180,Seattle Pest,27,Western,PestPac,Seattle,WA,"11,257",yes
98151,180,Seattle Pest,27,Western,PestPac,Seattle,WA,0,yes
98154,180,Seattle Pest,27,Western,PestPac,Seattle,WA,0,yes
98155,180,Seattle Pest,27,Western,PestPac,Seattle,WA,"34,174",yes
98158,180,Seattle Pest,27,Western,PestPac,Seattle,WA,0,yes
98160,180,Seattle Pest,27,Western,PestPac,Seattle,WA,0,yes
98161,180,Seattle Pest,27,Western,PestPac,Seattle,WA,0,yes
98164,180,Seattle Pest,27,Western,PestPac,Seattle,WA,135,yes
98165,180,Seattle Pest,27,Western,PestPac,Seattle,WA,0,yes
98166,180,Seattle Pest,27,Western,PestPac,Seattle,WA,"21,018",yes
98168,180,Seattle Pest,27,Western,PestPac,Seattle,WA,"32,605",yes
98170,180,Seattle Pest,27,Western,PestPac,Seattle,WA,0,yes
98171,180,Seattle Pest,27,Western,PestPac,Seattle,WA,0,yes
98174,180,Seattle Pest,27,Western,PestPac,Seattle,WA,0,yes
98175,180,Seattle Pest,27,Western,PestPac,Seattle,WA,0,yes
98177,180,Seattle Pest,27,Western,PestPac,Seattle,WA,"19,925",yes
98178,180,Seattle Pest,27,Western,PestPac,Seattle,WA,"26,251",yes
98181,180,Seattle Pest,27,Western,PestPac,Seattle,WA,0,yes
98184,180,Seattle Pest,27,Western,PestPac,Seattle,WA,0,yes
98185,180,Seattle Pest,27,Western,PestPac,Seattle,WA,0,yes
98188,180,Seattle Pest,27,Western,PestPac,Seattle,WA,"24,912",yes
98189,180,Seattle Pest,27,Western,PestPac,Seattle,WA,0,yes
98190,180,Seattle Pest,27,Western,PestPac,Seattle,WA,0,yes
98191,180,Seattle Pest,27,Western,PestPac,Seattle,WA,0,yes
98194,180,Seattle Pest,27,Western,PestPac,Seattle,WA,0,yes
98195,180,Seattle Pest,27,Western,PestPac,Seattle,WA,52,yes
98198,180,Seattle Pest,27,Western,PestPac,Seattle,WA,"36,768",yes
98199,180,Seattle Pest,27,Western,PestPac,Seattle,WA,"21,017",yes
98201,180,Seattle Pest,27,Western,PestPac,Everett,WA,"28,437",yes
98203,180,Seattle Pest,27,Western,PestPac,Everett,WA,"34,628",yes
98204,180,Seattle Pest,27,Western,PestPac,Everett,WA,"41,576",yes
98205,180,Seattle Pest,27,Western,PestPac,Everett,WA,"9,914",yes
98206,180,Seattle Pest,27,Western,PestPac,Everett,WA,0,yes
98207,180,Seattle Pest,27,Western,PestPac,Everett,WA,"1,440",yes
98208,180,Seattle Pest,27,Western,PestPac,Everett,WA,"56,922",yes
98213,180,Seattle Pest,27,Western,PestPac,Everett,WA,0,yes
98221,180,Seattle Pest,27,Western,PestPac,Anacortes,WA,"20,860",yes
98223,180,Seattle Pest,27,Western,PestPac,Arlington,WA,"41,489",yes
98225,180,Seattle Pest,27,Western,PestPac,Bellingham,WA,"49,240",yes
98226,180,Seattle Pest,27,Western,PestPac,Bellingham,WA,"41,740",yes
98227,180,Seattle Pest,27,Western,PestPac,Bellingham,WA,0,yes
98228,180,Seattle Pest,27,Western,PestPac,Bellingham,WA,0,yes
98229,180,Seattle Pest,27,Western,PestPac,Bellingham,WA,"30,812",yes
98230,180,Seattle Pest,27,Western,PestPac,Blaine,WA,"15,906",yes
98231,180,Seattle Pest,27,Western,PestPac,Blaine,WA,0,yes
98233,180,Seattle Pest,27,Western,PestPac,Burlington,WA,"14,896",yes
98248,180,Seattle Pest,27,Western,PestPac,Ferndale,WA,"23,163",yes
98252,180,Seattle Pest,27,Western,PestPac,Granite Falls,WA,"9,459",yes
98257,180,Seattle Pest,27,Western,PestPac,La Conner,WA,"3,828",yes
98258,180,Seattle Pest,27,Western,PestPac,Lake Stevens,WA,"32,370",yes
98259,180,Seattle Pest,27,Western,PestPac,North Lakewood,WA,0,yes
98264,180,Seattle Pest,27,Western,PestPac,Lynden,WA,"19,932",yes
98270,180,Seattle Pest,27,Western,PestPac,Marysville,WA,"48,987",yes
98271,180,Seattle Pest,27,Western,PestPac,Marysville,WA,"28,509",yes
98272,180,Seattle Pest,27,Western,PestPac,Monroe,WA,"29,539",yes
98273,180,Seattle Pest,27,Western,PestPac,Mount Vernon,WA,"29,994",yes
98274,180,Seattle Pest,27,Western,PestPac,Mount Vernon,WA,"17,580",yes
98275,180,Seattle Pest,27,Western,PestPac,Mukilteo,WA,"20,994",yes
98277,180,Seattle Pest,27,Western,PestPac,Oak Harbor,WA,"37,932",yes
98278,180,Seattle Pest,27,Western,PestPac,Oak Harbor,WA,"1,628",yes
98281,180,Seattle Pest,27,Western,PestPac,Point Roberts,WA,"1,203",yes
98282,180,Seattle Pest,27,Western,PestPac,Camano Island,WA,"15,968",yes
98284,180,Seattle Pest,27,Western,PestPac,Sedro Woolley,WA,"25,940",yes
98287,180,Seattle Pest,27,Western,PestPac,Silvana,WA,0,yes
98290,180,Seattle Pest,27,Western,PestPac,Snohomish,WA,"34,218",yes
98291,180,Seattle Pest,27,Western,PestPac,Snohomish,WA,0,yes
98292,180,Seattle Pest,27,Western,PestPac,Stanwood,WA,"21,766",yes
98296,180,Seattle Pest,27,Western,PestPac,Snohomish,WA,"29,124",yes
98303,180,Seattle Pest,27,Western,PestPac,Anderson Island,WA,"1,150",yes
98310,180,Seattle Pest,27,Western,PestPac,Bremerton,WA,"20,499",yes
98311,180,Seattle Pest,27,Western,PestPac,Bremerton,WA,"27,750",yes
98312,180,Seattle Pest,27,Western,PestPac,Bremerton,WA,"31,524",yes
98314,180,Seattle Pest,27,Western,PestPac,Bremerton,WA,"2,521",yes
98315,180,Seattle Pest,27,Western,PestPac,Silverdale,WA,"6,046",yes
98321,180,Seattle Pest,27,Western,PestPac,Buckley,WA,"15,144",yes
98322,180,Seattle Pest,27,Western,PestPac,Burley,WA,0,yes
98323,180,Seattle Pest,27,Western,PestPac,Carbonado,WA,760,yes
98324,180,Seattle Pest,27,Western,PestPac,Carlsborg,WA,0,yes
98325,180,Seattle Pest,27,Western,PestPac,Chimacum,WA,"1,791",yes
98326,180,Seattle Pest,27,Western,PestPac,Clallam Bay,WA,679,yes
98327,180,Seattle Pest,27,Western,PestPac,Dupont,WA,"9,285",yes
98328,180,Seattle Pest,27,Western,PestPac,Eatonville,WA,"9,300",yes
98329,180,Seattle Pest,27,Western,PestPac,Gig Harbor,WA,"10,682",yes
98331,180,Seattle Pest,27,Western,PestPac,Forks,WA,"6,382",yes
98332,180,Seattle Pest,27,Western,PestPac,Gig Harbor,WA,"17,208",yes
98333,180,Seattle Pest,27,Western,PestPac,Fox Island,WA,"3,829",yes
98335,180,Seattle Pest,27,Western,PestPac,Gig Harbor,WA,"25,830",yes
98337,180,Seattle Pest,27,Western,PestPac,Bremerton,WA,"6,765",yes
98338,180,Seattle Pest,27,Western,PestPac,Graham,WA,"26,856",yes
98340,180,Seattle Pest,27,Western,PestPac,Hansville,WA,"3,126",yes
98342,180,Seattle Pest,27,Western,PestPac,Indianola,WA,"1,422",yes
98345,180,Seattle Pest,27,Western,PestPac,Keyport,WA,442,yes
98346,180,Seattle Pest,27,Western,PestPac,Kingston,WA,"10,016",yes
98348,180,Seattle Pest,27,Western,PestPac,La Grande,WA,0,yes
98349,180,Seattle Pest,27,Western,PestPac,Lakebay,WA,"4,509",yes
98351,180,Seattle Pest,27,Western,PestPac,Longbranch,WA,940,yes
98352,180,Seattle Pest,27,Western,PestPac,Sumner,WA,0,yes
98353,180,Seattle Pest,27,Western,PestPac,Manchester,WA,29,yes
98354,180,Seattle Pest,27,Western,PestPac,Milton,WA,"7,128",yes
98355,180,Seattle Pest,27,Western,PestPac,Mineral,WA,638,yes
98356,180,Seattle Pest,27,Western,PestPac,Morton,WA,"2,173",yes
98359,180,Seattle Pest,27,Western,PestPac,Olalla,WA,"4,479",yes
98360,180,Seattle Pest,27,Western,PestPac,Orting,WA,"12,944",yes
98362,180,Seattle Pest,27,Western,PestPac,Port Angeles,WA,"23,026",yes
98363,180,Seattle Pest,27,Western,PestPac,Port Angeles,WA,"14,210",yes
98364,180,Seattle Pest,27,Western,PestPac,Port Gamble,WA,137,yes
98366,180,Seattle Pest,27,Western,PestPac,Port Orchard,WA,"32,916",yes
98367,180,Seattle Pest,27,Western,PestPac,Port Orchard,WA,"28,520",yes
98368,180,Seattle Pest,27,Western,PestPac,Port Townsend,WA,"12,489",yes
98370,180,Seattle Pest,27,Western,PestPac,Poulsbo,WA,"29,480",yes
98371,180,Seattle Pest,27,Western,PestPac,Puyallup,WA,"20,409",yes
98372,180,Seattle Pest,27,Western,PestPac,Puyallup,WA,"24,849",yes
98373,180,Seattle Pest,27,Western,PestPac,Puyallup,WA,"22,885",yes
98374,180,Seattle Pest,27,Western,PestPac,Puyallup,WA,"38,927",yes
98375,180,Seattle Pest,27,Western,PestPac,Puyallup,WA,"29,732",yes
98377,180,Seattle Pest,27,Western,PestPac,Randle,WA,"1,690",yes
98380,180,Seattle Pest,27,Western,PestPac,Seabeck,WA,"4,835",yes
98382,180,Seattle Pest,27,Western,PestPac,Sequim,WA,"27,454",yes
98383,180,Seattle Pest,27,Western,PestPac,Silverdale,WA,"20,319",yes
98385,180,Seattle Pest,27,Western,PestPac,South Prairie,WA,303,yes
98386,180,Seattle Pest,27,Western,PestPac,Southworth,WA,0,yes
98387,180,Seattle Pest,27,Western,PestPac,Spanaway,WA,"45,428",yes
98388,180,Seattle Pest,27,Western,PestPac,Steilacoom,WA,"6,556",yes
98390,180,Seattle Pest,27,Western,PestPac,Sumner,WA,"10,822",yes
98391,180,Seattle Pest,27,Western,PestPac,Bonney Lake,WA,"48,861",yes
98392,180,Seattle Pest,27,Western,PestPac,Suquamish,WA,"3,086",yes
98393,180,Seattle Pest,27,Western,PestPac,Tracyton,WA,0,yes
98394,180,Seattle Pest,27,Western,PestPac,Vaughn,WA,"1,219",yes
98395,180,Seattle Pest,27,Western,PestPac,Wauna,WA,0,yes
98396,180,Seattle Pest,27,Western,PestPac,Wilkeson,WA,589,yes
98401,180,Seattle Pest,27,Western,PestPac,Tacoma,WA,0,yes
98402,180,Seattle Pest,27,Western,PestPac,Tacoma,WA,"6,023",yes
98403,180,Seattle Pest,27,Western,PestPac,Tacoma,WA,"7,758",yes
98404,180,Seattle Pest,27,Western,PestPac,Tacoma,WA,"34,119",yes
98405,180,Seattle Pest,27,Western,PestPac,Tacoma,WA,"24,125",yes
98406,180,Seattle Pest,27,Western,PestPac,Tacoma,WA,"23,034",yes
98407,180,Seattle Pest,27,Western,PestPac,Tacoma,WA,"21,347",yes
98408,180,Seattle Pest,27,Western,PestPac,Tacoma,WA,"19,585",yes
98409,180,Seattle Pest,27,Western,PestPac,Tacoma,WA,"23,411",yes
98411,180,Seattle Pest,27,Western,PestPac,Tacoma,WA,0,yes
98412,180,Seattle Pest,27,Western,PestPac,Tacoma,WA,0,yes
98413,180,Seattle Pest,27,Western,PestPac,Tacoma,WA,0,yes
98415,180,Seattle Pest,27,Western,PestPac,Tacoma,WA,0,yes
98416,180,Seattle Pest,27,Western,PestPac,Tacoma,WA,995,yes
98417,180,Seattle Pest,27,Western,PestPac,Tacoma,WA,0,yes
98418,180,Seattle Pest,27,Western,PestPac,Tacoma,WA,"9,822",yes
98419,180,Seattle Pest,27,Western,PestPac,Tacoma,WA,0,yes
98421,180,Seattle Pest,27,Western,PestPac,Tacoma,WA,729,yes
98422,180,Seattle Pest,27,Western,PestPac,Tacoma,WA,"20,876",yes
98424,180,Seattle Pest,27,Western,PestPac,Tacoma,WA,"10,705",yes
98430,180,Seattle Pest,27,Western,PestPac,Camp Murray,WA,21,yes
98431,180,Seattle Pest,27,Western,PestPac,Tacoma,WA,0,yes
98433,180,Seattle Pest,27,Western,PestPac,Tacoma,WA,"18,335",yes
98438,180,Seattle Pest,27,Western,PestPac,Mcchord Afb,WA,442,yes
98439,180,Seattle Pest,27,Western,PestPac,Lakewood,WA,"5,558",yes
98442,180,Seattle Pest,27,Western,PestPac,Tacoma,WA,0,yes
98443,180,Seattle Pest,27,Western,PestPac,Tacoma,WA,"5,821",yes
98444,180,Seattle Pest,27,Western,PestPac,Tacoma,WA,"34,771",yes
98445,180,Seattle Pest,27,Western,PestPac,Tacoma,WA,"30,869",yes
98446,180,Seattle Pest,27,Western,PestPac,Tacoma,WA,"9,887",yes
98447,180,Seattle Pest,27,Western,PestPac,Tacoma,WA,785,yes
98448,180,Seattle Pest,27,Western,PestPac,Tacoma,WA,0,yes
98450,180,Seattle Pest,27,Western,PestPac,Tacoma,WA,0,yes
98455,180,Seattle Pest,27,Western,PestPac,Tacoma,WA,0,yes
98460,180,Seattle Pest,27,Western,PestPac,Tacoma,WA,0,yes
98464,180,Seattle Pest,27,Western,PestPac,Tacoma,WA,0,yes
98465,180,Seattle Pest,27,Western,PestPac,Tacoma,WA,"6,344",yes
98466,180,Seattle Pest,27,Western,PestPac,Tacoma,WA,"27,103",yes
98467,180,Seattle Pest,27,Western,PestPac,University Place,WA,"16,009",yes
98471,180,Seattle Pest,27,Western,PestPac,Tacoma,WA,0,yes
98477,180,Seattle Pest,27,Western,PestPac,Tacoma,WA,0,yes
98481,180,Seattle Pest,27,Western,PestPac,Tacoma,WA,0,yes
98490,180,Seattle Pest,27,Western,PestPac,Tacoma,WA,0,yes
98492,180,Seattle Pest,27,Western,PestPac,Tacoma,WA,0,yes
98493,180,Seattle Pest,27,Western,PestPac,Tacoma,WA,0,yes
98496,180,Seattle Pest,27,Western,PestPac,Lakewood,WA,0,yes
98497,180,Seattle Pest,27,Western,PestPac,Lakewood,WA,0,yes
98498,180,Seattle Pest,27,Western,PestPac,Lakewood,WA,"27,614",yes
98499,180,Seattle Pest,27,Western,PestPac,Lakewood,WA,"30,630",yes
98501,180,Seattle Pest,27,Western,PestPac,Olympia,WA,"41,415",yes
98502,180,Seattle Pest,27,Western,PestPac,Olympia,WA,"31,492",yes
98503,180,Seattle Pest,27,Western,PestPac,Lacey,WA,"37,678",yes
98504,180,Seattle Pest,27,Western,PestPac,Olympia,WA,0,yes
98505,180,Seattle Pest,27,Western,PestPac,Olympia,WA,0,yes
98506,180,Seattle Pest,27,Western,PestPac,Olympia,WA,"18,418",yes
98507,180,Seattle Pest,27,Western,PestPac,Olympia,WA,0,yes
98508,180,Seattle Pest,27,Western,PestPac,Olympia,WA,0,yes
98509,180,Seattle Pest,27,Western,PestPac,Lacey,WA,0,yes
98511,180,Seattle Pest,27,Western,PestPac,Tumwater,WA,0,yes
98512,180,Seattle Pest,27,Western,PestPac,Olympia,WA,"29,666",yes
98513,180,Seattle Pest,27,Western,PestPac,Olympia,WA,"34,174",yes
98516,180,Seattle Pest,27,Western,PestPac,Olympia,WA,"22,697",yes
98522,180,Seattle Pest,27,Western,PestPac,Adna,WA,0,yes
98524,180,Seattle Pest,27,Western,PestPac,Allyn,WA,"4,212",yes
98528,180,Seattle Pest,27,Western,PestPac,Belfair,WA,"9,402",yes
98530,180,Seattle Pest,27,Western,PestPac,Bucoda,WA,593,yes
98531,180,Seattle Pest,27,Western,PestPac,Centralia,WA,"25,297",yes
98532,180,Seattle Pest,27,Western,PestPac,Chehalis,WA,"24,078",yes
98533,180,Seattle Pest,27,Western,PestPac,Cinebar,WA,514,yes
98535,180,Seattle Pest,27,Western,PestPac,Copalis Beach,WA,464,yes
98536,180,Seattle Pest,27,Western,PestPac,Copalis Crossing,WA,196,yes
98538,180,Seattle Pest,27,Western,PestPac,Curtis,WA,236,yes
98540,180,Seattle Pest,27,Western,PestPac,East Olympia,WA,0,yes
98541,180,Seattle Pest,27,Western,PestPac,Elma,WA,"9,799",yes
98546,180,Seattle Pest,27,Western,PestPac,Grapeview,WA,"3,118",yes
98548,180,Seattle Pest,27,Western,PestPac,Hoodsport,WA,"2,466",yes
98557,180,Seattle Pest,27,Western,PestPac,Mccleary,WA,"3,262",yes
98564,180,Seattle Pest,27,Western,PestPac,Mossyrock,WA,"2,031",yes
98568,180,Seattle Pest,27,Western,PestPac,Oakville,WA,"2,714",yes
98570,180,Seattle Pest,27,Western,PestPac,Onalaska,WA,"4,174",yes
98576,180,Seattle Pest,27,Western,PestPac,Rainier,WA,"4,883",yes
98579,180,Seattle Pest,27,Western,PestPac,Rochester,WA,"13,894",yes
98580,180,Seattle Pest,27,Western,PestPac,Roy,WA,"11,046",yes
98581,182,Portland Pest,27,Western,PestPac,Ryderwood,WA,325,yes
98584,180,Seattle Pest,27,Western,PestPac,Shelton,WA,"36,731",yes
98588,180,Seattle Pest,27,Western,PestPac,Tahuya,WA,"1,570",yes
98589,180,Seattle Pest,27,Western,PestPac,Tenino,WA,"6,944",yes
98591,180,Seattle Pest,27,Western,PestPac,Toledo,WA,"3,292",yes
98592,180,Seattle Pest,27,Western,PestPac,Union,WA,"1,313",yes
98593,180,Seattle Pest,27,Western,PestPac,Vader,WA,"1,125",yes
98595,180,Seattle Pest,27,Western,PestPac,Westport,WA,"2,780",yes
98596,180,Seattle Pest,27,Western,PestPac,Winlock,WA,"7,027",yes
98597,180,Seattle Pest,27,Western,PestPac,Yelm,WA,"22,489",yes
98599,180,Seattle Pest,27,Western,PestPac,Olympia,WA,0,yes
98601,182,Portland Pest,27,Western,PestPac,Amboy,WA,"3,316",yes
98604,182,Portland Pest,27,Western,PestPac,Battle Ground,WA,"35,577",yes
98606,182,Portland Pest,27,Western,PestPac,Brush Prairie,WA,"9,015",yes
98607,182,Portland Pest,27,Western,PestPac,Camas,WA,"30,963",yes
98609,182,Portland Pest,27,Western,PestPac,Carrolls,WA,0,yes
98611,182,Portland Pest,27,Western,PestPac,Castle Rock,WA,"10,174",yes
98612,182,Portland Pest,27,Western,PestPac,Cathlamet,WA,"2,283",yes
98622,182,Portland Pest,27,Western,PestPac,Heisson,WA,0,yes
98625,182,Portland Pest,27,Western,PestPac,Kalama,WA,"6,846",yes
98626,182,Portland Pest,27,Western,PestPac,Kelso,WA,"24,068",yes
98629,182,Portland Pest,27,Western,PestPac,La Center,WA,"8,382",yes
98632,182,Portland Pest,27,Western,PestPac,Longview,WA,"48,512",yes
98642,182,Portland Pest,27,Western,PestPac,Ridgefield,WA,"17,519",yes
98645,182,Portland Pest,27,Western,PestPac,Silverlake,WA,"1,263",yes
98648,182,Portland Pest,27,Western,PestPac,Stevenson,WA,"2,775",yes
98660,182,Portland Pest,27,Western,PestPac,Vancouver,WA,"12,359",yes
98661,182,Portland Pest,27,Western,PestPac,Vancouver,WA,"44,829",yes
98662,182,Portland Pest,27,Western,PestPac,Vancouver,WA,"32,457",yes
98663,182,Portland Pest,27,Western,PestPac,Vancouver,WA,"13,427",yes
98664,182,Portland Pest,27,Western,PestPac,Vancouver,WA,"22,018",yes
98665,182,Portland Pest,27,Western,PestPac,Vancouver,WA,"26,275",yes
98666,182,Portland Pest,27,Western,PestPac,Vancouver,WA,0,yes
98667,182,Portland Pest,27,Western,PestPac,Vancouver,WA,0,yes
98668,182,Portland Pest,27,Western,PestPac,Vancouver,WA,0,yes
98671,182,Portland Pest,27,Western,PestPac,Washougal,WA,"22,896",yes
98674,182,Portland Pest,27,Western,PestPac,Woodland,WA,"11,776",yes
98675,182,Portland Pest,27,Western,PestPac,Yacolt,WA,"7,395",yes
98682,182,Portland Pest,27,Western,PestPac,Vancouver,WA,"56,211",yes
98683,182,Portland Pest,27,Western,PestPac,Vancouver,WA,"33,652",yes
98684,182,Portland Pest,27,Western,PestPac,Vancouver,WA,"27,550",yes
98685,182,Portland Pest,27,Western,PestPac,Vancouver,WA,"28,145",yes
98686,182,Portland Pest,27,Western,PestPac,Vancouver,WA,"19,212",yes
98687,182,Portland Pest,27,Western,PestPac,Vancouver,WA,0,yes
98848,223,Spokane Pest,27,Western,PestPac,Quincy,WA,"12,234",yes
98901,223,Spokane Pest,27,Western,PestPac,Yakima,WA,"32,349",yes
98902,223,Spokane Pest,27,Western,PestPac,Yakima,WA,"46,300",yes
98903,223,Spokane Pest,27,Western,PestPac,Yakima,WA,"14,299",yes
98904,223,Spokane Pest,27,Western,PestPac,Yakima,WA,0,yes
98907,223,Spokane Pest,27,Western,PestPac,Yakima,WA,0,yes
98908,223,Spokane Pest,27,Western,PestPac,Yakima,WA,"35,660",yes
98909,223,Spokane Pest,27,Western,PestPac,Yakima,WA,0,yes
98921,223,Spokane Pest,27,Western,PestPac,Buena,WA,963,yes
98930,223,Spokane Pest,27,Western,PestPac,Grandview,WA,"16,599",yes
98932,223,Spokane Pest,27,Western,PestPac,Granger,WA,"5,079",yes
98936,223,Spokane Pest,27,Western,PestPac,Moxee,WA,"5,929",yes
98938,223,Spokane Pest,27,Western,PestPac,Outlook,WA,"3,518",yes
98939,223,Spokane Pest,27,Western,PestPac,Parker,WA,89,yes
98942,223,Spokane Pest,27,Western,PestPac,Selah,WA,"17,015",yes
98944,223,Spokane Pest,27,Western,PestPac,Sunnyside,WA,"22,554",yes
98948,223,Spokane Pest,27,Western,PestPac,Toppenish,WA,"13,196",yes
98951,223,Spokane Pest,27,Western,PestPac,Wapato,WA,"13,582",yes
98953,223,Spokane Pest,27,Western,PestPac,Zillah,WA,"6,936",yes
99001,223,Spokane Pest,27,Western,PestPac,Airway Heights,WA,"6,553",yes
99003,223,Spokane Pest,27,Western,PestPac,Chattaroy,WA,"4,744",yes
99004,223,Spokane Pest,27,Western,PestPac,Cheney,WA,"19,492",yes
99005,223,Spokane Pest,27,Western,PestPac,Colbert,WA,"8,488",yes
99006,223,Spokane Pest,27,Western,PestPac,Deer Park,WA,"12,155",yes
99011,223,Spokane Pest,27,Western,PestPac,Fairchild Air Force Base,WA,"2,904",yes
99014,223,Spokane Pest,27,Western,PestPac,Four Lakes,WA,0,yes
99016,223,Spokane Pest,27,Western,PestPac,Greenacres,WA,"13,634",yes
99019,223,Spokane Pest,27,Western,PestPac,Liberty Lake,WA,"10,594",yes
99020,223,Spokane Pest,27,Western,PestPac,Marshall,WA,0,yes
99021,223,Spokane Pest,27,Western,PestPac,Mead,WA,"8,765",yes
99022,223,Spokane Pest,27,Western,PestPac,Medical Lake,WA,"8,890",yes
99025,223,Spokane Pest,27,Western,PestPac,Newman Lake,WA,"5,067",yes
99026,223,Spokane Pest,27,Western,PestPac,Nine Mile Falls,WA,"10,002",yes
99027,223,Spokane Pest,27,Western,PestPac,Otis Orchards,WA,"6,169",yes
99031,223,Spokane Pest,27,Western,PestPac,Spangle,WA,"1,058",yes
99037,223,Spokane Pest,27,Western,PestPac,Veradale,WA,"12,928",yes
99110,223,Spokane Pest,27,Western,PestPac,Clayton,WA,"1,482",yes
99111,223,Spokane Pest,27,Western,PestPac,Colfax,WA,"4,269",yes
99163,223,Spokane Pest,27,Western,PestPac,Pullman,WA,"33,822",yes
99164,223,Spokane Pest,27,Western,PestPac,Pullman,WA,0,yes
99201,223,Spokane Pest,27,Western,PestPac,Spokane,WA,"13,634",yes
99202,223,Spokane Pest,27,Western,PestPac,Spokane,WA,"19,730",yes
99203,223,Spokane Pest,27,Western,PestPac,Spokane,WA,"20,994",yes
99204,223,Spokane Pest,27,Western,PestPac,Spokane,WA,"5,832",yes
99205,223,Spokane Pest,27,Western,PestPac,Spokane,WA,"43,031",yes
99206,223,Spokane Pest,27,Western,PestPac,Spokane,WA,"36,768",yes
99207,223,Spokane Pest,27,Western,PestPac,Spokane,WA,"29,652",yes
99208,223,Spokane Pest,27,Western,PestPac,Spokane,WA,"52,316",yes
99209,223,Spokane Pest,27,Western,PestPac,Spokane,WA,0,yes
99210,223,Spokane Pest,27,Western,PestPac,Spokane,WA,0,yes
99211,223,Spokane Pest,27,Western,PestPac,Spokane,WA,0,yes
99212,223,Spokane Pest,27,Western,PestPac,Spokane,WA,"19,090",yes
99213,223,Spokane Pest,27,Western,PestPac,Spokane,WA,0,yes
99214,223,Spokane Pest,27,Western,PestPac,Spokane,WA,0,yes
99215,223,Spokane Pest,27,Western,PestPac,Spokane,WA,0,yes
99216,223,Spokane Pest,27,Western,PestPac,Spokane,WA,"25,259",yes
99217,223,Spokane Pest,27,Western,PestPac,Spokane,WA,"18,864",yes
99218,223,Spokane Pest,27,Western,PestPac,Spokane,WA,"16,255",yes
99219,223,Spokane Pest,27,Western,PestPac,Spokane,WA,0,yes
99220,223,Spokane Pest,27,Western,PestPac,Spokane,WA,0,yes
99223,223,Spokane Pest,27,Western,PestPac,Spokane,WA,"31,331",yes
99224,223,Spokane Pest,27,Western,PestPac,Spokane,WA,"21,048",yes
99228,223,Spokane Pest,27,Western,PestPac,Spokane,WA,0,yes
99251,223,Spokane Pest,27,Western,PestPac,Spokane,WA,0,yes
99252,223,Spokane Pest,27,Western,PestPac,Spokane,WA,0,yes
99256,223,Spokane Pest,27,Western,PestPac,Spokane,WA,0,yes
99258,223,Spokane Pest,27,Western,PestPac,Spokane,WA,0,yes
99260,223,Spokane Pest,27,Western,PestPac,Spokane,WA,0,yes
99299,223,Spokane Pest,27,Western,PestPac,Spokane,WA,0,yes
99301,223,Spokane Pest,27,Western,PestPac,Pasco,WA,"76,388",yes
99302,223,Spokane Pest,27,Western,PestPac,Pasco,WA,0,yes
99320,223,Spokane Pest,27,Western,PestPac,Benton City,WA,"9,122",yes
99323,223,Spokane Pest,27,Western,PestPac,Burbank,WA,"3,594",yes
99324,223,Spokane Pest,27,Western,PestPac,College Place,WA,"9,522",yes
99335,223,Spokane Pest,27,Western,PestPac,Kahlotus,WA,301,yes
99336,223,Spokane Pest,27,Western,PestPac,Kennewick,WA,"50,529",yes
99337,223,Spokane Pest,27,Western,PestPac,Kennewick,WA,"30,222",yes
99338,223,Spokane Pest,27,Western,PestPac,Kennewick,WA,"14,698",yes
99350,223,Spokane Pest,27,Western,PestPac,Prosser,WA,"13,359",yes
99352,223,Spokane Pest,27,Western,PestPac,Richland,WA,"29,963",yes
99353,223,Spokane Pest,27,Western,PestPac,West Richland,WA,"14,952",yes
99354,223,Spokane Pest,27,Western,PestPac,Richland,WA,"22,911",yes
99357,223,Spokane Pest,27,Western,PestPac,Royal City,WA,"4,287",yes
