"9003705","Belvidere","US","Flemington Pest","ehrflem_area","ehrflem_region","322.322.3222","Princeton,Hillsborough,Bridgewater,Lawrence Township,Flemington,Hackettstown,Basking Ridge,Somerville,Budd Lake,Washington"
"9003709","Budd Lake","US","Flemington Pest","ehrflem_area","ehrflem_region","322.322.3222","Princeton,Hillsborough,Bridgewater,Lawrence Township,Flemington,Hackettstown,Basking Ridge,Somerville,Budd Lake,Washington"
"9003710","Califon","US","Flemington Pest","ehrflem_area","ehrflem_region","322.322.3222","Princeton,Hillsborough,Bridgewater,Lawrence Township,Flemington,Hackettstown,Basking Ridge,Somerville,Budd Lake,Washington"
"9003713","Flanders","US","Flemington Pest","ehrflem_area","ehrflem_region","322.322.3222","Princeton,Hillsborough,Bridgewater,Lawrence Township,Flemington,Hackettstown,Basking Ridge,Somerville,Budd Lake,Washington"
"9003714","Great Meadows","US","Flemington Pest","ehrflem_area","ehrflem_region","322.322.3222","Princeton,Hillsborough,Bridgewater,Lawrence Township,Flemington,Hackettstown,Basking Ridge,Somerville,Budd Lake,Washington"
"9003715","Hackettstown","US","Flemington Pest","ehrflem_area","ehrflem_region","322.322.3222","Princeton,Hillsborough,Bridgewater,Lawrence Township,Flemington,Hackettstown,Basking Ridge,Somerville,Budd Lake,Washington"
"9003726","Long Valley","US","Flemington Pest","ehrflem_area","ehrflem_region","322.322.3222","Princeton,Hillsborough,Bridgewater,Lawrence Township,Flemington,Hackettstown,Basking Ridge,Somerville,Budd Lake,Washington"
"9003730","Oxford","US","Flemington Pest","ehrflem_area","ehrflem_region","322.322.3222","Princeton,Hillsborough,Bridgewater,Lawrence Township,Flemington,Hackettstown,Basking Ridge,Somerville,Budd Lake,Washington"
"9003731","Port Murray","US","Flemington Pest","ehrflem_area","ehrflem_region","322.322.3222","Princeton,Hillsborough,Bridgewater,Lawrence Township,Flemington,Hackettstown,Basking Ridge,Somerville,Budd Lake,Washington"
"9054652","Vienna","US","Flemington Pest","ehrflem_area","ehrflem_region","322.322.3222","Princeton,Hillsborough,Bridgewater,Lawrence Township,Flemington,Hackettstown,Basking Ridge,Somerville,Budd Lake,Washington"
"9003739","Washington","US","Flemington Pest","ehrflem_area","ehrflem_region","322.322.3222","Princeton,Hillsborough,Bridgewater,Lawrence Township,Flemington,Hackettstown,Basking Ridge,Somerville,Budd Lake,Washington"
"9003742","Basking Ridge","US","Flemington Pest","ehrflem_area","ehrflem_region","322.322.3222","Princeton,Hillsborough,Bridgewater,Lawrence Township,Flemington,Hackettstown,Basking Ridge,Somerville,Budd Lake,Washington"
"9003743","Bedminster","US","Flemington Pest","ehrflem_area","ehrflem_region","322.322.3222","Princeton,Hillsborough,Bridgewater,Lawrence Township,Flemington,Hackettstown,Basking Ridge,Somerville,Budd Lake,Washington"
"9003745","Bernardsville","US","Flemington Pest","ehrflem_area","ehrflem_region","322.322.3222","Princeton,Hillsborough,Bridgewater,Lawrence Township,Flemington,Hackettstown,Basking Ridge,Somerville,Budd Lake,Washington"
"9003749","Chester","US","Flemington Pest","ehrflem_area","ehrflem_region","322.322.3222","Princeton,Hillsborough,Bridgewater,Lawrence Township,Flemington,Hackettstown,Basking Ridge,Somerville,Budd Lake,Washington"
"9003750","Far Hills","US","Flemington Pest","ehrflem_area","ehrflem_region","322.322.3222","Princeton,Hillsborough,Bridgewater,Lawrence Township,Flemington,Hackettstown,Basking Ridge,Somerville,Budd Lake,Washington"
"9003753","Gladstone","US","Flemington Pest","ehrflem_area","ehrflem_region","322.322.3222","Princeton,Hillsborough,Bridgewater,Lawrence Township,Flemington,Hackettstown,Basking Ridge,Somerville,Budd Lake,Washington"
"9003765","Peapack","US","Flemington Pest","ehrflem_area","ehrflem_region","322.322.3222","Princeton,Hillsborough,Bridgewater,Lawrence Township,Flemington,Hackettstown,Basking Ridge,Somerville,Budd Lake,Washington"
"9003767","Pottersville","US","Flemington Pest","ehrflem_area","ehrflem_region","322.322.3222","Princeton,Hillsborough,Bridgewater,Lawrence Township,Flemington,Hackettstown,Basking Ridge,Somerville,Budd Lake,Washington"
"9003771","Alloway","US","Vineland Pest","ehrvine_area","ehrvine_region","233.233.2333","Bridgeton,Vineland,Egg Harbor Township,Atlantic City,Millville,Absecon,May's Landing,Manahawkin,Tuckerton,Hammonton"
"9003772","Cherry Hill","US","Cherry Hill Pest","ehrcherr_area","ehrcherr_region","366.366.3666","Tom's River,Sicklerville,Marlton,Clementon,Brick,Mount Laurel,Blackwood,Trenton,Williamstown,Sewell"
"9003773","Cherry Hill","US","Cherry Hill Pest","ehrcherr_area","ehrcherr_region","366.366.3666","Tom's River,Sicklerville,Marlton,Clementon,Brick,Mount Laurel,Blackwood,Trenton,Williamstown,Sewell"
"9003774","Atco","US","Cherry Hill Pest","ehrcherr_area","ehrcherr_region","366.366.3666","Tom's River,Sicklerville,Marlton,Clementon,Brick,Mount Laurel,Blackwood,Trenton,Williamstown,Sewell"
"9003775","Barnegat","US","Vineland Pest","ehrvine_area","ehrvine_region","233.233.2333","Bridgeton,Vineland,Egg Harbor Township,Atlantic City,Millville,Absecon,May's Landing,Manahawkin,Tuckerton,Hammonton"
"9003776","Barnegat Light","US","Vineland Pest","ehrvine_area","ehrvine_region","233.233.2333","Bridgeton,Vineland,Egg Harbor Township,Atlantic City,Millville,Absecon,May's Landing,Manahawkin,Tuckerton,Hammonton"
"9003777","Barrington","US","Cherry Hill Pest","ehrcherr_area","ehrcherr_region","366.366.3666","Tom's River,Sicklerville,Marlton,Clementon,Brick,Mount Laurel,Blackwood,Trenton,Williamstown,Sewell"
"9003778","Beach Haven","US","Vineland Pest","ehrvine_area","ehrvine_region","233.233.2333","Bridgeton,Vineland,Egg Harbor Township,Atlantic City,Millville,Absecon,May's Landing,Manahawkin,Tuckerton,Hammonton"
"9003779","Berlin","US","Cherry Hill Pest","ehrcherr_area","ehrcherr_region","366.366.3666","Tom's River,Sicklerville,Marlton,Clementon,Brick,Mount Laurel,Blackwood,Trenton,Williamstown,Sewell"
"9003780","Beverly","US","Cherry Hill Pest","ehrcherr_area","ehrcherr_region","366.366.3666","Tom's River,Sicklerville,Marlton,Clementon,Brick,Mount Laurel,Blackwood,Trenton,Williamstown,Sewell"
"9003781","Blackwood","US","Cherry Hill Pest","ehrcherr_area","ehrcherr_region","366.366.3666","Tom's River,Sicklerville,Marlton,Clementon,Brick,Mount Laurel,Blackwood,Trenton,Williamstown,Sewell"
"9003782","Bridgeport","US","Cherry Hill Pest","ehrcherr_area","ehrcherr_region","366.366.3666","Tom's River,Sicklerville,Marlton,Clementon,Brick,Mount Laurel,Blackwood,Trenton,Williamstown,Sewell"
"9003783","Browns Mills","US","Cherry Hill Pest","ehrcherr_area","ehrcherr_region","366.366.3666","Tom's River,Sicklerville,Marlton,Clementon,Brick,Mount Laurel,Blackwood,Trenton,Williamstown,Sewell"
"9003784","Burlington","US","Cherry Hill Pest","ehrcherr_area","ehrcherr_region","366.366.3666","Tom's River,Sicklerville,Marlton,Clementon,Brick,Mount Laurel,Blackwood,Trenton,Williamstown,Sewell"
"9003785","Chatsworth","US","Cherry Hill Pest","ehrcherr_area","ehrcherr_region","366.366.3666","Tom's River,Sicklerville,Marlton,Clementon,Brick,Mount Laurel,Blackwood,Trenton,Williamstown,Sewell"
"9003786","Clarksboro","US","Cherry Hill Pest","ehrcherr_area","ehrcherr_region","366.366.3666","Tom's River,Sicklerville,Marlton,Clementon,Brick,Mount Laurel,Blackwood,Trenton,Williamstown,Sewell"
"9003787","Clementon","US","Cherry Hill Pest","ehrcherr_area","ehrcherr_region","366.366.3666","Tom's River,Sicklerville,Marlton,Clementon,Brick,Mount Laurel,Blackwood,Trenton,Williamstown,Sewell"
"9003788","Columbus","US","Cherry Hill Pest","ehrcherr_area","ehrcherr_region","366.366.3666","Tom's River,Sicklerville,Marlton,Clementon,Brick,Mount Laurel,Blackwood,Trenton,Williamstown,Sewell"
"9003789","Deepwater","US","Vineland Pest","ehrvine_area","ehrvine_region","233.233.2333","Bridgeton,Vineland,Egg Harbor Township,Atlantic City,Millville,Absecon,May's Landing,Manahawkin,Tuckerton,Hammonton"
"9003790","Gibbsboro","US","Cherry Hill Pest","ehrcherr_area","ehrcherr_region","366.366.3666","Tom's River,Sicklerville,Marlton,Clementon,Brick,Mount Laurel,Blackwood,Trenton,Williamstown,Sewell"
"9003791","Gibbstown","US","Cherry Hill Pest","ehrcherr_area","ehrcherr_region","366.366.3666","Tom's River,Sicklerville,Marlton,Clementon,Brick,Mount Laurel,Blackwood,Trenton,Williamstown,Sewell"
"9003792","Glassboro","US","Vineland Pest","ehrvine_area","ehrvine_region","233.233.2333","Bridgeton,Vineland,Egg Harbor Township,Atlantic City,Millville,Absecon,May's Landing,Manahawkin,Tuckerton,Hammonton"
"9003793","Glendora","US","Cherry Hill Pest","ehrcherr_area","ehrcherr_region","366.366.3666","Tom's River,Sicklerville,Marlton,Clementon,Brick,Mount Laurel,Blackwood,Trenton,Williamstown,Sewell"
"9003794","Gloucester City","US","Cherry Hill Pest","ehrcherr_area","ehrcherr_region","366.366.3666","Tom's River,Sicklerville,Marlton,Clementon,Brick,Mount Laurel,Blackwood,Trenton,Williamstown,Sewell"
"9003795","Bellmawr","US","Cherry Hill Pest","ehrcherr_area","ehrcherr_region","366.366.3666","Tom's River,Sicklerville,Marlton,Clementon,Brick,Mount Laurel,Blackwood,Trenton,Williamstown,Sewell"
"9003796","Grenloch","US","Cherry Hill Pest","ehrcherr_area","ehrcherr_region","366.366.3666","Tom's River,Sicklerville,Marlton,Clementon,Brick,Mount Laurel,Blackwood,Trenton,Williamstown,Sewell"
"9003797","Haddonfield","US","Cherry Hill Pest","ehrcherr_area","ehrcherr_region","366.366.3666","Tom's River,Sicklerville,Marlton,Clementon,Brick,Mount Laurel,Blackwood,Trenton,Williamstown,Sewell"
"9003798","Cherry Hill","US","Cherry Hill Pest","ehrcherr_area","ehrcherr_region","366.366.3666","Tom's River,Sicklerville,Marlton,Clementon,Brick,Mount Laurel,Blackwood,Trenton,Williamstown,Sewell"
"9003799","Haddon Heights","US","Cherry Hill Pest","ehrcherr_area","ehrcherr_region","366.366.3666","Tom's River,Sicklerville,Marlton,Clementon,Brick,Mount Laurel,Blackwood,Trenton,Williamstown,Sewell"
"9003800","Hainesport","US","Cherry Hill Pest","ehrcherr_area","ehrcherr_region","366.366.3666","Tom's River,Sicklerville,Marlton,Clementon,Brick,Mount Laurel,Blackwood,Trenton,Williamstown,Sewell"
"9003801","Hammonton","US","Vineland Pest","ehrvine_area","ehrvine_region","233.233.2333","Bridgeton,Vineland,Egg Harbor Township,Atlantic City,Millville,Absecon,May's Landing,Manahawkin,Tuckerton,Hammonton"
"9003802","Hancocks Bridge","US","Vineland Pest","ehrvine_area","ehrvine_region","233.233.2333","Bridgeton,Vineland,Egg Harbor Township,Atlantic City,Millville,Absecon,May's Landing,Manahawkin,Tuckerton,Hammonton"
"9054691","Harrisonville","US","Vineland Pest","ehrvine_area","ehrvine_region","233.233.2333","Bridgeton,Vineland,Egg Harbor Township,Atlantic City,Millville,Absecon,May's Landing,Manahawkin,Tuckerton,Hammonton"
"9003803","Jobstown","US","Cherry Hill Pest","ehrcherr_area","ehrcherr_region","366.366.3666","Tom's River,Sicklerville,Marlton,Clementon,Brick,Mount Laurel,Blackwood,Trenton,Williamstown,Sewell"
"9003804","Juliustown","US","Cherry Hill Pest","ehrcherr_area","ehrcherr_region","366.366.3666","Tom's River,Sicklerville,Marlton,Clementon,Brick,Mount Laurel,Blackwood,Trenton,Williamstown,Sewell"
"9003805","Voorhees","US","Cherry Hill Pest","ehrcherr_area","ehrcherr_region","366.366.3666","Tom's River,Sicklerville,Marlton,Clementon,Brick,Mount Laurel,Blackwood,Trenton,Williamstown,Sewell"
"9003806","Lawnside","US","Cherry Hill Pest","ehrcherr_area","ehrcherr_region","366.366.3666","Tom's River,Sicklerville,Marlton,Clementon,Brick,Mount Laurel,Blackwood,Trenton,Williamstown,Sewell"
"9003807","Willingboro","US","Cherry Hill Pest","ehrcherr_area","ehrcherr_region","366.366.3666","Tom's River,Sicklerville,Marlton,Clementon,Brick,Mount Laurel,Blackwood,Trenton,Williamstown,Sewell"
"9003808","Lumberton","US","Cherry Hill Pest","ehrcherr_area","ehrcherr_region","366.366.3666","Tom's River,Sicklerville,Marlton,Clementon,Brick,Mount Laurel,Blackwood,Trenton,Williamstown,Sewell"
"9003809","Magnolia","US","Cherry Hill Pest","ehrcherr_area","ehrcherr_region","366.366.3666","Tom's River,Sicklerville,Marlton,Clementon,Brick,Mount Laurel,Blackwood,Trenton,Williamstown,Sewell"
"9003810","Manahawkin","US","Vineland Pest","ehrvine_area","ehrvine_region","233.233.2333","Bridgeton,Vineland,Egg Harbor Township,Atlantic City,Millville,Absecon,May's Landing,Manahawkin,Tuckerton,Hammonton"
"9003811","Mantua","US","Cherry Hill Pest","ehrcherr_area","ehrcherr_region","366.366.3666","Tom's River,Sicklerville,Marlton,Clementon,Brick,Mount Laurel,Blackwood,Trenton,Williamstown,Sewell"
"9003812","Maple Shade","US","Cherry Hill Pest","ehrcherr_area","ehrcherr_region","366.366.3666","Tom's River,Sicklerville,Marlton,Clementon,Brick,Mount Laurel,Blackwood,Trenton,Williamstown,Sewell"
"9003813","Marlton","US","Cherry Hill Pest","ehrcherr_area","ehrcherr_region","366.366.3666","Tom's River,Sicklerville,Marlton,Clementon,Brick,Mount Laurel,Blackwood,Trenton,Williamstown,Sewell"
"9003814","Mount Laurel","US","Cherry Hill Pest","ehrcherr_area","ehrcherr_region","366.366.3666","Tom's River,Sicklerville,Marlton,Clementon,Brick,Mount Laurel,Blackwood,Trenton,Williamstown,Sewell"
"9003815","Medford","US","Cherry Hill Pest","ehrcherr_area","ehrcherr_region","366.366.3666","Tom's River,Sicklerville,Marlton,Clementon,Brick,Mount Laurel,Blackwood,Trenton,Williamstown,Sewell"
"9003816","Mickleton","US","Cherry Hill Pest","ehrcherr_area","ehrcherr_region","366.366.3666","Tom's River,Sicklerville,Marlton,Clementon,Brick,Mount Laurel,Blackwood,Trenton,Williamstown,Sewell"
"9003817","Moorestown","US","Cherry Hill Pest","ehrcherr_area","ehrcherr_region","366.366.3666","Tom's River,Sicklerville,Marlton,Clementon,Brick,Mount Laurel,Blackwood,Trenton,Williamstown,Sewell"
"9003818","Mount Ephraim","US","Cherry Hill Pest","ehrcherr_area","ehrcherr_region","366.366.3666","Tom's River,Sicklerville,Marlton,Clementon,Brick,Mount Laurel,Blackwood,Trenton,Williamstown,Sewell"
"9003819","Mount Holly","US","Cherry Hill Pest","ehrcherr_area","ehrcherr_region","366.366.3666","Tom's River,Sicklerville,Marlton,Clementon,Brick,Mount Laurel,Blackwood,Trenton,Williamstown,Sewell"
"9003820","Mount Royal","US","Cherry Hill Pest","ehrcherr_area","ehrcherr_region","366.366.3666","Tom's River,Sicklerville,Marlton,Clementon,Brick,Mount Laurel,Blackwood,Trenton,Williamstown,Sewell"
"9003821","Mullica Hill","US","Cherry Hill Pest","ehrcherr_area","ehrcherr_region","366.366.3666","Tom's River,Sicklerville,Marlton,Clementon,Brick,Mount Laurel,Blackwood,Trenton,Williamstown,Sewell"
"9003822","National Park","US","Cherry Hill Pest","ehrcherr_area","ehrcherr_region","366.366.3666","Tom's River,Sicklerville,Marlton,Clementon,Brick,Mount Laurel,Blackwood,Trenton,Williamstown,Sewell"
"9003823","New Lisbon","US","Cherry Hill Pest","ehrcherr_area","ehrcherr_region","366.366.3666","Tom's River,Sicklerville,Marlton,Clementon,Brick,Mount Laurel,Blackwood,Trenton,Williamstown,Sewell"
"9003824","Palmyra","US","Cherry Hill Pest","ehrcherr_area","ehrcherr_region","366.366.3666","Tom's River,Sicklerville,Marlton,Clementon,Brick,Mount Laurel,Blackwood,Trenton,Williamstown,Sewell"
"9003825","Paulsboro","US","Cherry Hill Pest","ehrcherr_area","ehrcherr_region","366.366.3666","Tom's River,Sicklerville,Marlton,Clementon,Brick,Mount Laurel,Blackwood,Trenton,Williamstown,Sewell"
"9003826","Pedricktown","US","Cherry Hill Pest","ehrcherr_area","ehrcherr_region","366.366.3666","Tom's River,Sicklerville,Marlton,Clementon,Brick,Mount Laurel,Blackwood,Trenton,Williamstown,Sewell"
"9003827","Pemberton","US","Cherry Hill Pest","ehrcherr_area","ehrcherr_region","366.366.3666","Tom's River,Sicklerville,Marlton,Clementon,Brick,Mount Laurel,Blackwood,Trenton,Williamstown,Sewell"
"9003828","Penns Grove","US","Vineland Pest","ehrvine_area","ehrvine_region","233.233.2333","Bridgeton,Vineland,Egg Harbor Township,Atlantic City,Millville,Absecon,May's Landing,Manahawkin,Tuckerton,Hammonton"
"9003829","Pennsville","US","Vineland Pest","ehrvine_area","ehrvine_region","233.233.2333","Bridgeton,Vineland,Egg Harbor Township,Atlantic City,Millville,Absecon,May's Landing,Manahawkin,Tuckerton,Hammonton"
"9003830","Pitman","US","Cherry Hill Pest","ehrcherr_area","ehrcherr_region","366.366.3666","Tom's River,Sicklerville,Marlton,Clementon,Brick,Mount Laurel,Blackwood,Trenton,Williamstown,Sewell"
"9054642","Rancocas","US","Cherry Hill Pest","ehrcherr_area","ehrcherr_region","366.366.3666","Tom's River,Sicklerville,Marlton,Clementon,Brick,Mount Laurel,Blackwood,Trenton,Williamstown,Sewell"
"9054687","Richwood","US","Cherry Hill Pest","ehrcherr_area","ehrcherr_region","366.366.3666","Tom's River,Sicklerville,Marlton,Clementon,Brick,Mount Laurel,Blackwood,Trenton,Williamstown,Sewell"
"9003832","Riverside","US","Cherry Hill Pest","ehrcherr_area","ehrcherr_region","366.366.3666","Tom's River,Sicklerville,Marlton,Clementon,Brick,Mount Laurel,Blackwood,Trenton,Williamstown,Sewell"
"9003833","Riverton","US","Cherry Hill Pest","ehrcherr_area","ehrcherr_region","366.366.3666","Tom's River,Sicklerville,Marlton,Clementon,Brick,Mount Laurel,Blackwood,Trenton,Williamstown,Sewell"
"9003834","Runnemede","US","Cherry Hill Pest","ehrcherr_area","ehrcherr_region","366.366.3666","Tom's River,Sicklerville,Marlton,Clementon,Brick,Mount Laurel,Blackwood,Trenton,Williamstown,Sewell"
"9003835","Salem","US","Vineland Pest","ehrvine_area","ehrvine_region","233.233.2333","Bridgeton,Vineland,Egg Harbor Township,Atlantic City,Millville,Absecon,May's Landing,Manahawkin,Tuckerton,Hammonton"
"9003836","Sewell","US","Cherry Hill Pest","ehrcherr_area","ehrcherr_region","366.366.3666","Tom's River,Sicklerville,Marlton,Clementon,Brick,Mount Laurel,Blackwood,Trenton,Williamstown,Sewell"
"9003837","Sicklerville","US","Cherry Hill Pest","ehrcherr_area","ehrcherr_region","366.366.3666","Tom's River,Sicklerville,Marlton,Clementon,Brick,Mount Laurel,Blackwood,Trenton,Williamstown,Sewell"
"9003838","Somerdale","US","Cherry Hill Pest","ehrcherr_area","ehrcherr_region","366.366.3666","Tom's River,Sicklerville,Marlton,Clementon,Brick,Mount Laurel,Blackwood,Trenton,Williamstown,Sewell"
"9003839","Stratford","US","Cherry Hill Pest","ehrcherr_area","ehrcherr_region","366.366.3666","Tom's River,Sicklerville,Marlton,Clementon,Brick,Mount Laurel,Blackwood,Trenton,Williamstown,Sewell"
"9003840","Swedesboro","US","Cherry Hill Pest","ehrcherr_area","ehrcherr_region","366.366.3666","Tom's River,Sicklerville,Marlton,Clementon,Brick,Mount Laurel,Blackwood,Trenton,Williamstown,Sewell"
"9003841","Thorofare","US","Cherry Hill Pest","ehrcherr_area","ehrcherr_region","366.366.3666","Tom's River,Sicklerville,Marlton,Clementon,Brick,Mount Laurel,Blackwood,Trenton,Williamstown,Sewell"
"9003842","Tuckerton","US","Vineland Pest","ehrvine_area","ehrvine_region","233.233.2333","Bridgeton,Vineland,Egg Harbor Township,Atlantic City,Millville,Absecon,May's Landing,Manahawkin,Tuckerton,Hammonton"
"9003843","Vincentown","US","Cherry Hill Pest","ehrcherr_area","ehrcherr_region","366.366.3666","Tom's River,Sicklerville,Marlton,Clementon,Brick,Mount Laurel,Blackwood,Trenton,Williamstown,Sewell"
"9003844","Waterford Works","US","Cherry Hill Pest","ehrcherr_area","ehrcherr_region","366.366.3666","Tom's River,Sicklerville,Marlton,Clementon,Brick,Mount Laurel,Blackwood,Trenton,Williamstown,Sewell"
"9003845","Wenonah","US","Cherry Hill Pest","ehrcherr_area","ehrcherr_region","366.366.3666","Tom's River,Sicklerville,Marlton,Clementon,Brick,Mount Laurel,Blackwood,Trenton,Williamstown,Sewell"
"9003846","West Berlin","US","Cherry Hill Pest","ehrcherr_area","ehrcherr_region","366.366.3666","Tom's River,Sicklerville,Marlton,Clementon,Brick,Mount Laurel,Blackwood,Trenton,Williamstown,Sewell"
"9003847","West Creek","US","Vineland Pest","ehrvine_area","ehrvine_region","233.233.2333","Bridgeton,Vineland,Egg Harbor Township,Atlantic City,Millville,Absecon,May's Landing,Manahawkin,Tuckerton,Hammonton"
"9003848","Westville","US","Cherry Hill Pest","ehrcherr_area","ehrcherr_region","366.366.3666","Tom's River,Sicklerville,Marlton,Clementon,Brick,Mount Laurel,Blackwood,Trenton,Williamstown,Sewell"
"9003849","Williamstown","US","Cherry Hill Pest","ehrcherr_area","ehrcherr_region","366.366.3666","Tom's River,Sicklerville,Marlton,Clementon,Brick,Mount Laurel,Blackwood,Trenton,Williamstown,Sewell"
"9003851","West Deptford","US","Cherry Hill Pest","ehrcherr_area","ehrcherr_region","366.366.3666","Tom's River,Sicklerville,Marlton,Clementon,Brick,Mount Laurel,Blackwood,Trenton,Williamstown,Sewell"
"9003852","Woodbury Heights","US","Cherry Hill Pest","ehrcherr_area","ehrcherr_region","366.366.3666","Tom's River,Sicklerville,Marlton,Clementon,Brick,Mount Laurel,Blackwood,Trenton,Williamstown,Sewell"
"9003853","Woodstown","US","Vineland Pest","ehrvine_area","ehrvine_region","233.233.2333","Bridgeton,Vineland,Egg Harbor Township,Atlantic City,Millville,Absecon,May's Landing,Manahawkin,Tuckerton,Hammonton"
"9003854","Camden","US","Cherry Hill Pest","ehrcherr_area","ehrcherr_region","366.366.3666","Tom's River,Sicklerville,Marlton,Clementon,Brick,Mount Laurel,Blackwood,Trenton,Williamstown,Sewell"
"9003855","Camden","US","Cherry Hill Pest","ehrcherr_area","ehrcherr_region","366.366.3666","Tom's River,Sicklerville,Marlton,Clementon,Brick,Mount Laurel,Blackwood,Trenton,Williamstown,Sewell"
"9003856","Camden","US","Cherry Hill Pest","ehrcherr_area","ehrcherr_region","366.366.3666","Tom's River,Sicklerville,Marlton,Clementon,Brick,Mount Laurel,Blackwood,Trenton,Williamstown,Sewell"
"9003857","Camden","US","Cherry Hill Pest","ehrcherr_area","ehrcherr_region","366.366.3666","Tom's River,Sicklerville,Marlton,Clementon,Brick,Mount Laurel,Blackwood,Trenton,Williamstown,Sewell"
"9003858","Audubon","US","Cherry Hill Pest","ehrcherr_area","ehrcherr_region","366.366.3666","Tom's River,Sicklerville,Marlton,Clementon,Brick,Mount Laurel,Blackwood,Trenton,Williamstown,Sewell"
"9003859","Oaklyn","US","Cherry Hill Pest","ehrcherr_area","ehrcherr_region","366.366.3666","Tom's River,Sicklerville,Marlton,Clementon,Brick,Mount Laurel,Blackwood,Trenton,Williamstown,Sewell"
"9003860","Collingswood","US","Cherry Hill Pest","ehrcherr_area","ehrcherr_region","366.366.3666","Tom's River,Sicklerville,Marlton,Clementon,Brick,Mount Laurel,Blackwood,Trenton,Williamstown,Sewell"
"9003861","Merchantville","US","Cherry Hill Pest","ehrcherr_area","ehrcherr_region","366.366.3666","Tom's River,Sicklerville,Marlton,Clementon,Brick,Mount Laurel,Blackwood,Trenton,Williamstown,Sewell"
"9003862","Pennsauken","US","Cherry Hill Pest","ehrcherr_area","ehrcherr_region","366.366.3666","Tom's River,Sicklerville,Marlton,Clementon,Brick,Mount Laurel,Blackwood,Trenton,Williamstown,Sewell"
"9003863","Absecon","US","Vineland Pest","ehrvine_area","ehrvine_region","233.233.2333","Bridgeton,Vineland,Egg Harbor Township,Atlantic City,Millville,Absecon,May's Landing,Manahawkin,Tuckerton,Hammonton"
"9003864","Avalon","US","Vineland Pest","ehrvine_area","ehrvine_region","233.233.2333","Bridgeton,Vineland,Egg Harbor Township,Atlantic City,Millville,Absecon,May's Landing,Manahawkin,Tuckerton,Hammonton"
"9003865","Brigantine","US","Vineland Pest","ehrvine_area","ehrvine_region","233.233.2333","Bridgeton,Vineland,Egg Harbor Township,Atlantic City,Millville,Absecon,May's Landing,Manahawkin,Tuckerton,Hammonton"
"9003866","Cape May","US","Vineland Pest","ehrvine_area","ehrvine_region","233.233.2333","Bridgeton,Vineland,Egg Harbor Township,Atlantic City,Millville,Absecon,May's Landing,Manahawkin,Tuckerton,Hammonton"
"9003867","Absecon","US","Vineland Pest","ehrvine_area","ehrvine_region","233.233.2333","Bridgeton,Vineland,Egg Harbor Township,Atlantic City,Millville,Absecon,May's Landing,Manahawkin,Tuckerton,Hammonton"
"9003868","Cape May Court House","US","Vineland Pest","ehrvine_area","ehrvine_region","233.233.2333","Bridgeton,Vineland,Egg Harbor Township,Atlantic City,Millville,Absecon,May's Landing,Manahawkin,Tuckerton,Hammonton"
"9003869","Cape May Point","US","Vineland Pest","ehrvine_area","ehrvine_region","233.233.2333","Bridgeton,Vineland,Egg Harbor Township,Atlantic City,Millville,Absecon,May's Landing,Manahawkin,Tuckerton,Hammonton"
"9054639","Cologne","US","Vineland Pest","ehrvine_area","ehrvine_region","233.233.2333","Bridgeton,Vineland,Egg Harbor Township,Atlantic City,Millville,Absecon,May's Landing,Manahawkin,Tuckerton,Hammonton"
"9054636","Dennisville","US","Vineland Pest","ehrvine_area","ehrvine_region","233.233.2333","Bridgeton,Vineland,Egg Harbor Township,Atlantic City,Millville,Absecon,May's Landing,Manahawkin,Tuckerton,Hammonton"
"9003870","Egg Harbor City","US","Vineland Pest","ehrvine_area","ehrvine_region","233.233.2333","Bridgeton,Vineland,Egg Harbor Township,Atlantic City,Millville,Absecon,May's Landing,Manahawkin,Tuckerton,Hammonton"
"9054638","Elwood","US","Vineland Pest","ehrvine_area","ehrvine_region","233.233.2333","Bridgeton,Vineland,Egg Harbor Township,Atlantic City,Millville,Absecon,May's Landing,Manahawkin,Tuckerton,Hammonton"
"9054635","Goshen","US","Vineland Pest","ehrvine_area","ehrvine_region","233.233.2333","Bridgeton,Vineland,Egg Harbor Township,Atlantic City,Millville,Absecon,May's Landing,Manahawkin,Tuckerton,Hammonton"
"9003871","Linwood","US","Vineland Pest","ehrvine_area","ehrvine_region","233.233.2333","Bridgeton,Vineland,Egg Harbor Township,Atlantic City,Millville,Absecon,May's Landing,Manahawkin,Tuckerton,Hammonton"
"9003872","Marmora","US","Vineland Pest","ehrvine_area","ehrvine_region","233.233.2333","Bridgeton,Vineland,Egg Harbor Township,Atlantic City,Millville,Absecon,May's Landing,Manahawkin,Tuckerton,Hammonton"
"9054641","New Gretna","US","Cherry Hill Pest","ehrcherr_area","ehrcherr_region","366.366.3666","Tom's River,Sicklerville,Marlton,Clementon,Brick,Mount Laurel,Blackwood,Trenton,Williamstown,Sewell"
"9003873","Northfield","US","Vineland Pest","ehrvine_area","ehrvine_region","233.233.2333","Bridgeton,Vineland,Egg Harbor Township,Atlantic City,Millville,Absecon,May's Landing,Manahawkin,Tuckerton,Hammonton"
"9003874","Ocean City","US","Vineland Pest","ehrvine_area","ehrvine_region","233.233.2333","Bridgeton,Vineland,Egg Harbor Township,Atlantic City,Millville,Absecon,May's Landing,Manahawkin,Tuckerton,Hammonton"
"9003875","Ocean View","US","Vineland Pest","ehrvine_area","ehrvine_region","233.233.2333","Bridgeton,Vineland,Egg Harbor Township,Atlantic City,Millville,Absecon,May's Landing,Manahawkin,Tuckerton,Hammonton"
"9003876","Pleasantville","US","Vineland Pest","ehrvine_area","ehrvine_region","233.233.2333","Bridgeton,Vineland,Egg Harbor Township,Atlantic City,Millville,Absecon,May's Landing,Manahawkin,Tuckerton,Hammonton"
"9003877","Egg Harbor Township","US","Vineland Pest","ehrvine_area","ehrvine_region","233.233.2333","Bridgeton,Vineland,Egg Harbor Township,Atlantic City,Millville,Absecon,May's Landing,Manahawkin,Tuckerton,Hammonton"
"9054640","Pomona","US","Vineland Pest","ehrvine_area","ehrvine_region","233.233.2333","Bridgeton,Vineland,Egg Harbor Township,Atlantic City,Millville,Absecon,May's Landing,Manahawkin,Tuckerton,Hammonton"
"9003878","Port Republic","US","Vineland Pest","ehrvine_area","ehrvine_region","233.233.2333","Bridgeton,Vineland,Egg Harbor Township,Atlantic City,Millville,Absecon,May's Landing,Manahawkin,Tuckerton,Hammonton"
"9003879","Rio Grande","US","Vineland Pest","ehrvine_area","ehrvine_region","233.233.2333","Bridgeton,Vineland,Egg Harbor Township,Atlantic City,Millville,Absecon,May's Landing,Manahawkin,Tuckerton,Hammonton"
"9003880","Sea Isle City","US","Vineland Pest","ehrvine_area","ehrvine_region","233.233.2333","Bridgeton,Vineland,Egg Harbor Township,Atlantic City,Millville,Absecon,May's Landing,Manahawkin,Tuckerton,Hammonton"
"9003881","Somers Point","US","Vineland Pest","ehrvine_area","ehrvine_region","233.233.2333","Bridgeton,Vineland,Egg Harbor Township,Atlantic City,Millville,Absecon,May's Landing,Manahawkin,Tuckerton,Hammonton"
"9003882","Stone Harbor","US","Vineland Pest","ehrvine_area","ehrvine_region","233.233.2333","Bridgeton,Vineland,Egg Harbor Township,Atlantic City,Millville,Absecon,May's Landing,Manahawkin,Tuckerton,Hammonton"
"9003883","Strathmere","US","Vineland Pest","ehrvine_area","ehrvine_region","233.233.2333","Bridgeton,Vineland,Egg Harbor Township,Atlantic City,Millville,Absecon,May's Landing,Manahawkin,Tuckerton,Hammonton"
"9003884","Villas","US","Vineland Pest","ehrvine_area","ehrvine_region","233.233.2333","Bridgeton,Vineland,Egg Harbor Township,Atlantic City,Millville,Absecon,May's Landing,Manahawkin,Tuckerton,Hammonton"
"9054634","Whitesboro","US","Vineland Pest","ehrvine_area","ehrvine_region","233.233.2333","Bridgeton,Vineland,Egg Harbor Township,Atlantic City,Millville,Absecon,May's Landing,Manahawkin,Tuckerton,Hammonton"
"9003885","Wildwood","US","Vineland Pest","ehrvine_area","ehrvine_region","233.233.2333","Bridgeton,Vineland,Egg Harbor Township,Atlantic City,Millville,Absecon,May's Landing,Manahawkin,Tuckerton,Hammonton"
"9003886","Woodbine","US","Vineland Pest","ehrvine_area","ehrvine_region","233.233.2333","Bridgeton,Vineland,Egg Harbor Township,Atlantic City,Millville,Absecon,May's Landing,Manahawkin,Tuckerton,Hammonton"
"9003887","Bridgeton","US","Vineland Pest","ehrvine_area","ehrvine_region","233.233.2333","Bridgeton,Vineland,Egg Harbor Township,Atlantic City,Millville,Absecon,May's Landing,Manahawkin,Tuckerton,Hammonton"
"9003888","Buena","US","Vineland Pest","ehrvine_area","ehrvine_region","233.233.2333","Bridgeton,Vineland,Egg Harbor Township,Atlantic City,Millville,Absecon,May's Landing,Manahawkin,Tuckerton,Hammonton"
"9003889","Cedarville","US","Vineland Pest","ehrvine_area","ehrvine_region","233.233.2333","Bridgeton,Vineland,Egg Harbor Township,Atlantic City,Millville,Absecon,May's Landing,Manahawkin,Tuckerton,Hammonton"
"9003890","Clayton","US","Vineland Pest","ehrvine_area","ehrvine_region","233.233.2333","Bridgeton,Vineland,Egg Harbor Township,Atlantic City,Millville,Absecon,May's Landing,Manahawkin,Tuckerton,Hammonton"
"9003891","Delmont","US","Vineland Pest","ehrvine_area","ehrvine_region","233.233.2333","Bridgeton,Vineland,Egg Harbor Township,Atlantic City,Millville,Absecon,May's Landing,Manahawkin,Tuckerton,Hammonton"
"9054694","Dividing Creek","US","Vineland Pest","ehrvine_area","ehrvine_region","233.233.2333","Bridgeton,Vineland,Egg Harbor Township,Atlantic City,Millville,Absecon,May's Landing,Manahawkin,Tuckerton,Hammonton"
"9003892","Dorchester","US","Vineland Pest","ehrvine_area","ehrvine_region","233.233.2333","Bridgeton,Vineland,Egg Harbor Township,Atlantic City,Millville,Absecon,May's Landing,Manahawkin,Tuckerton,Hammonton"
"9003893","Dorothy","US","Vineland Pest","ehrvine_area","ehrvine_region","233.233.2333","Bridgeton,Vineland,Egg Harbor Township,Atlantic City,Millville,Absecon,May's Landing,Manahawkin,Tuckerton,Hammonton"
"9003894","Elmer","US","Vineland Pest","ehrvine_area","ehrvine_region","233.233.2333","Bridgeton,Vineland,Egg Harbor Township,Atlantic City,Millville,Absecon,May's Landing,Manahawkin,Tuckerton,Hammonton"
"9003895","Estell Manor","US","Vineland Pest","ehrvine_area","ehrvine_region","233.233.2333","Bridgeton,Vineland,Egg Harbor Township,Atlantic City,Millville,Absecon,May's Landing,Manahawkin,Tuckerton,Hammonton"
"9054693","Fairton","US","Vineland Pest","ehrvine_area","ehrvine_region","233.233.2333","Bridgeton,Vineland,Egg Harbor Township,Atlantic City,Millville,Absecon,May's Landing,Manahawkin,Tuckerton,Hammonton"
"9003896","Fortescue","US","Vineland Pest","ehrvine_area","ehrvine_region","233.233.2333","Bridgeton,Vineland,Egg Harbor Township,Atlantic City,Millville,Absecon,May's Landing,Manahawkin,Tuckerton,Hammonton"
"9003897","Franklinville","US","Vineland Pest","ehrvine_area","ehrvine_region","233.233.2333","Bridgeton,Vineland,Egg Harbor Township,Atlantic City,Millville,Absecon,May's Landing,Manahawkin,Tuckerton,Hammonton"
"9003898","Greenwich","US","Vineland Pest","ehrvine_area","ehrvine_region","233.233.2333","Bridgeton,Vineland,Egg Harbor Township,Atlantic City,Millville,Absecon,May's Landing,Manahawkin,Tuckerton,Hammonton"
"9003899","Heislerville","US","Vineland Pest","ehrvine_area","ehrvine_region","233.233.2333","Bridgeton,Vineland,Egg Harbor Township,Atlantic City,Millville,Absecon,May's Landing,Manahawkin,Tuckerton,Hammonton"
"9003900","Landisville","US","Vineland Pest","ehrvine_area","ehrvine_region","233.233.2333","Bridgeton,Vineland,Egg Harbor Township,Atlantic City,Millville,Absecon,May's Landing,Manahawkin,Tuckerton,Hammonton"
"9003901","Leesburg","US","Vineland Pest","ehrvine_area","ehrvine_region","233.233.2333","Bridgeton,Vineland,Egg Harbor Township,Atlantic City,Millville,Absecon,May's Landing,Manahawkin,Tuckerton,Hammonton"
"9003902","Malaga","US","Vineland Pest","ehrvine_area","ehrvine_region","233.233.2333","Bridgeton,Vineland,Egg Harbor Township,Atlantic City,Millville,Absecon,May's Landing,Manahawkin,Tuckerton,Hammonton"
"9003903","Mauricetown","US","Vineland Pest","ehrvine_area","ehrvine_region","233.233.2333","Bridgeton,Vineland,Egg Harbor Township,Atlantic City,Millville,Absecon,May's Landing,Manahawkin,Tuckerton,Hammonton"
"9003904","Mays Landing","US","Vineland Pest","ehrvine_area","ehrvine_region","233.233.2333","Bridgeton,Vineland,Egg Harbor Township,Atlantic City,Millville,Absecon,May's Landing,Manahawkin,Tuckerton,Hammonton"
"9003905","Millville","US","Vineland Pest","ehrvine_area","ehrvine_region","233.233.2333","Bridgeton,Vineland,Egg Harbor Township,Atlantic City,Millville,Absecon,May's Landing,Manahawkin,Tuckerton,Hammonton"
"9003906","Milmay","US","Vineland Pest","ehrvine_area","ehrvine_region","233.233.2333","Bridgeton,Vineland,Egg Harbor Township,Atlantic City,Millville,Absecon,May's Landing,Manahawkin,Tuckerton,Hammonton"
"9003907","Minotola","US","Vineland Pest","ehrvine_area","ehrvine_region","233.233.2333","Bridgeton,Vineland,Egg Harbor Township,Atlantic City,Millville,Absecon,May's Landing,Manahawkin,Tuckerton,Hammonton"
"9054637","Mizpah","US","Vineland Pest","ehrvine_area","ehrvine_region","233.233.2333","Bridgeton,Vineland,Egg Harbor Township,Atlantic City,Millville,Absecon,May's Landing,Manahawkin,Tuckerton,Hammonton"
"9003908","Monroeville","US","Vineland Pest","ehrvine_area","ehrvine_region","233.233.2333","Bridgeton,Vineland,Egg Harbor Township,Atlantic City,Millville,Absecon,May's Landing,Manahawkin,Tuckerton,Hammonton"
"9003909","Newfield","US","Vineland Pest","ehrvine_area","ehrvine_region","233.233.2333","Bridgeton,Vineland,Egg Harbor Township,Atlantic City,Millville,Absecon,May's Landing,Manahawkin,Tuckerton,Hammonton"
"9003910","Newport","US","Vineland Pest","ehrvine_area","ehrvine_region","233.233.2333","Bridgeton,Vineland,Egg Harbor Township,Atlantic City,Millville,Absecon,May's Landing,Manahawkin,Tuckerton,Hammonton"
"9003911","Newtonville","US","Vineland Pest","ehrvine_area","ehrvine_region","233.233.2333","Bridgeton,Vineland,Egg Harbor Township,Atlantic City,Millville,Absecon,May's Landing,Manahawkin,Tuckerton,Hammonton"
"9054692","Norma","US","Vineland Pest","ehrvine_area","ehrvine_region","233.233.2333","Bridgeton,Vineland,Egg Harbor Township,Atlantic City,Millville,Absecon,May's Landing,Manahawkin,Tuckerton,Hammonton"
"9003912","Port Elizabeth","US","Vineland Pest","ehrvine_area","ehrvine_region","233.233.2333","Bridgeton,Vineland,Egg Harbor Township,Atlantic City,Millville,Absecon,May's Landing,Manahawkin,Tuckerton,Hammonton"
"9003913","Port Norris","US","Vineland Pest","ehrvine_area","ehrvine_region","233.233.2333","Bridgeton,Vineland,Egg Harbor Township,Atlantic City,Millville,Absecon,May's Landing,Manahawkin,Tuckerton,Hammonton"
"9003914","Richland","US","Vineland Pest","ehrvine_area","ehrvine_region","233.233.2333","Bridgeton,Vineland,Egg Harbor Township,Atlantic City,Millville,Absecon,May's Landing,Manahawkin,Tuckerton,Hammonton"
"9003915","Rosenhayn","US","Vineland Pest","ehrvine_area","ehrvine_region","233.233.2333","Bridgeton,Vineland,Egg Harbor Township,Atlantic City,Millville,Absecon,May's Landing,Manahawkin,Tuckerton,Hammonton"
"9003916","Shiloh","US","Vineland Pest","ehrvine_area","ehrvine_region","233.233.2333","Bridgeton,Vineland,Egg Harbor Township,Atlantic City,Millville,Absecon,May's Landing,Manahawkin,Tuckerton,Hammonton"
"9003917","Vineland","US","Vineland Pest","ehrvine_area","ehrvine_region","233.233.2333","Bridgeton,Vineland,Egg Harbor Township,Atlantic City,Millville,Absecon,May's Landing,Manahawkin,Tuckerton,Hammonton"
"9003918","Vineland","US","Vineland Pest","ehrvine_area","ehrvine_region","233.233.2333","Bridgeton,Vineland,Egg Harbor Township,Atlantic City,Millville,Absecon,May's Landing,Manahawkin,Tuckerton,Hammonton"
"9003919","Atlantic City","US","Vineland Pest","ehrvine_area","ehrvine_region","233.233.2333","Bridgeton,Vineland,Egg Harbor Township,Atlantic City,Millville,Absecon,May's Landing,Manahawkin,Tuckerton,Hammonton"
"9003920","Margate City","US","Vineland Pest","ehrvine_area","ehrvine_region","233.233.2333","Bridgeton,Vineland,Egg Harbor Township,Atlantic City,Millville,Absecon,May's Landing,Manahawkin,Tuckerton,Hammonton"
"9003921","Longport","US","Vineland Pest","ehrvine_area","ehrvine_region","233.233.2333","Bridgeton,Vineland,Egg Harbor Township,Atlantic City,Millville,Absecon,May's Landing,Manahawkin,Tuckerton,Hammonton"
"9003922","Ventnor City","US","Vineland Pest","ehrvine_area","ehrvine_region","233.233.2333","Bridgeton,Vineland,Egg Harbor Township,Atlantic City,Millville,Absecon,May's Landing,Manahawkin,Tuckerton,Hammonton"
"9003923","Allentown","US","Cherry Hill Pest","ehrcherr_area","ehrcherr_region","366.366.3666","Tom's River,Sicklerville,Marlton,Clementon,Brick,Mount Laurel,Blackwood,Trenton,Williamstown,Sewell"
"9003924","Belle Mead","US","Flemington Pest","ehrflem_area","ehrflem_region","322.322.3222","Princeton,Hillsborough,Bridgewater,Lawrence Township,Flemington,Hackettstown,Basking Ridge,Somerville,Budd Lake,Washington"
"9003925","Bordentown","US","Cherry Hill Pest","ehrcherr_area","ehrcherr_region","366.366.3666","Tom's River,Sicklerville,Marlton,Clementon,Brick,Mount Laurel,Blackwood,Trenton,Williamstown,Sewell"
"9003927","Cookstown","US","Cherry Hill Pest","ehrcherr_area","ehrcherr_region","366.366.3666","Tom's River,Sicklerville,Marlton,Clementon,Brick,Mount Laurel,Blackwood,Trenton,Williamstown,Sewell"
"9003929","Cream Ridge","US","Cherry Hill Pest","ehrcherr_area","ehrcherr_region","366.366.3666","Tom's River,Sicklerville,Marlton,Clementon,Brick,Mount Laurel,Blackwood,Trenton,Williamstown,Sewell"
"9003930","Chesterfield","US","Cherry Hill Pest","ehrcherr_area","ehrcherr_region","366.366.3666","Tom's River,Sicklerville,Marlton,Clementon,Brick,Mount Laurel,Blackwood,Trenton,Williamstown,Sewell"
"9003931","Florence","US","Cherry Hill Pest","ehrcherr_area","ehrcherr_region","366.366.3666","Tom's River,Sicklerville,Marlton,Clementon,Brick,Mount Laurel,Blackwood,Trenton,Williamstown,Sewell"
"9003932","Hightstown","US","Cherry Hill Pest","ehrcherr_area","ehrcherr_region","366.366.3666","Tom's River,Sicklerville,Marlton,Clementon,Brick,Mount Laurel,Blackwood,Trenton,Williamstown,Sewell"
"9003933","Hopewell","US","Flemington Pest","ehrflem_area","ehrflem_region","322.322.3222","Princeton,Hillsborough,Bridgewater,Lawrence Township,Flemington,Hackettstown,Basking Ridge,Somerville,Budd Lake,Washington"
"9003935","Kingston","US","Flemington Pest","ehrflem_area","ehrflem_region","322.322.3222","Princeton,Hillsborough,Bridgewater,Lawrence Township,Flemington,Hackettstown,Basking Ridge,Somerville,Budd Lake,Washington"
"9003936","Lambertville","US","Flemington Pest","ehrflem_area","ehrflem_region","322.322.3222","Princeton,Hillsborough,Bridgewater,Lawrence Township,Flemington,Hackettstown,Basking Ridge,Somerville,Budd Lake,Washington"
"9003937","New Egypt","US","Cherry Hill Pest","ehrcherr_area","ehrcherr_region","366.366.3666","Tom's River,Sicklerville,Marlton,Clementon,Brick,Mount Laurel,Blackwood,Trenton,Williamstown,Sewell"
"9003938","Pennington","US","Flemington Pest","ehrflem_area","ehrflem_region","322.322.3222","Princeton,Hillsborough,Bridgewater,Lawrence Township,Flemington,Hackettstown,Basking Ridge,Somerville,Budd Lake,Washington"
"9003941","Princeton","US","Flemington Pest","ehrflem_area","ehrflem_region","322.322.3222","Princeton,Hillsborough,Bridgewater,Lawrence Township,Flemington,Hackettstown,Basking Ridge,Somerville,Budd Lake,Washington"
"9003942","Princeton","US","Flemington Pest","ehrflem_area","ehrflem_region","322.322.3222","Princeton,Hillsborough,Bridgewater,Lawrence Township,Flemington,Hackettstown,Basking Ridge,Somerville,Budd Lake,Washington"
"9003943","Princeton","US","Flemington Pest","ehrflem_area","ehrflem_region","322.322.3222","Princeton,Hillsborough,Bridgewater,Lawrence Township,Flemington,Hackettstown,Basking Ridge,Somerville,Budd Lake,Washington"
"9003944","Princeton Junction","US","Cherry Hill Pest","ehrcherr_area","ehrcherr_region","366.366.3666","Tom's River,Sicklerville,Marlton,Clementon,Brick,Mount Laurel,Blackwood,Trenton,Williamstown,Sewell"
"9003945","Ringoes","US","Flemington Pest","ehrflem_area","ehrflem_region","322.322.3222","Princeton,Hillsborough,Bridgewater,Lawrence Township,Flemington,Hackettstown,Basking Ridge,Somerville,Budd Lake,Washington"
"9003946","Rocky Hill","US","Flemington Pest","ehrflem_area","ehrflem_region","322.322.3222","Princeton,Hillsborough,Bridgewater,Lawrence Township,Flemington,Hackettstown,Basking Ridge,Somerville,Budd Lake,Washington"
"9003947","Roebling","US","Cherry Hill Pest","ehrcherr_area","ehrcherr_region","366.366.3666","Tom's River,Sicklerville,Marlton,Clementon,Brick,Mount Laurel,Blackwood,Trenton,Williamstown,Sewell"
"9054656","Rosemont","US","Flemington Pest","ehrflem_area","ehrflem_region","322.322.3222","Princeton,Hillsborough,Bridgewater,Lawrence Township,Flemington,Hackettstown,Basking Ridge,Somerville,Budd Lake,Washington"
"9003949","Skillman","US","Flemington Pest","ehrflem_area","ehrflem_region","322.322.3222","Princeton,Hillsborough,Bridgewater,Lawrence Township,Flemington,Hackettstown,Basking Ridge,Somerville,Budd Lake,Washington"
"9003950","Stockton","US","Flemington Pest","ehrflem_area","ehrflem_region","322.322.3222","Princeton,Hillsborough,Bridgewater,Lawrence Township,Flemington,Hackettstown,Basking Ridge,Somerville,Budd Lake,Washington"
"9003951","Titusville","US","Flemington Pest","ehrflem_area","ehrflem_region","322.322.3222","Princeton,Hillsborough,Bridgewater,Lawrence Township,Flemington,Hackettstown,Basking Ridge,Somerville,Budd Lake,Washington"
"9003953","Wrightstown","US","Cherry Hill Pest","ehrcherr_area","ehrcherr_region","366.366.3666","Tom's River,Sicklerville,Marlton,Clementon,Brick,Mount Laurel,Blackwood,Trenton,Williamstown,Sewell"
"9003954","Trenton","US","Cherry Hill Pest","ehrcherr_area","ehrcherr_region","366.366.3666","Tom's River,Sicklerville,Marlton,Clementon,Brick,Mount Laurel,Blackwood,Trenton,Williamstown,Sewell"
"9003955","Trenton","US","Cherry Hill Pest","ehrcherr_area","ehrcherr_region","366.366.3666","Tom's River,Sicklerville,Marlton,Clementon,Brick,Mount Laurel,Blackwood,Trenton,Williamstown,Sewell"
"9003956","Trenton","US","Cherry Hill Pest","ehrcherr_area","ehrcherr_region","366.366.3666","Tom's River,Sicklerville,Marlton,Clementon,Brick,Mount Laurel,Blackwood,Trenton,Williamstown,Sewell"
"9003957","Trenton","US","Cherry Hill Pest","ehrcherr_area","ehrcherr_region","366.366.3666","Tom's River,Sicklerville,Marlton,Clementon,Brick,Mount Laurel,Blackwood,Trenton,Williamstown,Sewell"
"9003958","Trenton","US","Cherry Hill Pest","ehrcherr_area","ehrcherr_region","366.366.3666","Tom's River,Sicklerville,Marlton,Clementon,Brick,Mount Laurel,Blackwood,Trenton,Williamstown,Sewell"
"9003959","Trenton","US","Cherry Hill Pest","ehrcherr_area","ehrcherr_region","366.366.3666","Tom's River,Sicklerville,Marlton,Clementon,Brick,Mount Laurel,Blackwood,Trenton,Williamstown,Sewell"
"9003960","Trenton","US","Cherry Hill Pest","ehrcherr_area","ehrcherr_region","366.366.3666","Tom's River,Sicklerville,Marlton,Clementon,Brick,Mount Laurel,Blackwood,Trenton,Williamstown,Sewell"
"9003962","Trenton","US","Cherry Hill Pest","ehrcherr_area","ehrcherr_region","366.366.3666","Tom's River,Sicklerville,Marlton,Clementon,Brick,Mount Laurel,Blackwood,Trenton,Williamstown,Sewell"
"9003963","Trenton","US","Cherry Hill Pest","ehrcherr_area","ehrcherr_region","366.366.3666","Tom's River,Sicklerville,Marlton,Clementon,Brick,Mount Laurel,Blackwood,Trenton,Williamstown,Sewell"
"9003964","Trenton","US","Cherry Hill Pest","ehrcherr_area","ehrcherr_region","366.366.3666","Tom's River,Sicklerville,Marlton,Clementon,Brick,Mount Laurel,Blackwood,Trenton,Williamstown,Sewell"
"9003965","Fort Dix","US","Cherry Hill Pest","ehrcherr_area","ehrcherr_region","366.366.3666","Tom's River,Sicklerville,Marlton,Clementon,Brick,Mount Laurel,Blackwood,Trenton,Williamstown,Sewell"
"9003966","Trenton","US","Cherry Hill Pest","ehrcherr_area","ehrcherr_region","366.366.3666","Tom's River,Sicklerville,Marlton,Clementon,Brick,Mount Laurel,Blackwood,Trenton,Williamstown,Sewell"
"9003967","Lawrence Township","US","Flemington Pest","ehrflem_area","ehrflem_region","322.322.3222","Princeton,Hillsborough,Bridgewater,Lawrence Township,Flemington,Hackettstown,Basking Ridge,Somerville,Budd Lake,Washington"
"9003968","Trenton","US","Cherry Hill Pest","ehrcherr_area","ehrcherr_region","366.366.3666","Tom's River,Sicklerville,Marlton,Clementon,Brick,Mount Laurel,Blackwood,Trenton,Williamstown,Sewell"
"9003969","Trenton","US","Cherry Hill Pest","ehrcherr_area","ehrcherr_region","366.366.3666","Tom's River,Sicklerville,Marlton,Clementon,Brick,Mount Laurel,Blackwood,Trenton,Williamstown,Sewell"
"9003970","Trenton","US","Cherry Hill Pest","ehrcherr_area","ehrcherr_region","366.366.3666","Tom's River,Sicklerville,Marlton,Clementon,Brick,Mount Laurel,Blackwood,Trenton,Williamstown,Sewell"
"9003973","Bayville","US","Cherry Hill Pest","ehrcherr_area","ehrcherr_region","366.366.3666","Tom's River,Sicklerville,Marlton,Clementon,Brick,Mount Laurel,Blackwood,Trenton,Williamstown,Sewell"
"9003974","Beachwood","US","Cherry Hill Pest","ehrcherr_area","ehrcherr_region","366.366.3666","Tom's River,Sicklerville,Marlton,Clementon,Brick,Mount Laurel,Blackwood,Trenton,Williamstown,Sewell"
"9003975","Brick","US","Cherry Hill Pest","ehrcherr_area","ehrcherr_region","366.366.3666","Tom's River,Sicklerville,Marlton,Clementon,Brick,Mount Laurel,Blackwood,Trenton,Williamstown,Sewell"
"9003976","Brick","US","Cherry Hill Pest","ehrcherr_area","ehrcherr_region","366.366.3666","Tom's River,Sicklerville,Marlton,Clementon,Brick,Mount Laurel,Blackwood,Trenton,Williamstown,Sewell"
"9003978","Forked River","US","Cherry Hill Pest","ehrcherr_area","ehrcherr_region","366.366.3666","Tom's River,Sicklerville,Marlton,Clementon,Brick,Mount Laurel,Blackwood,Trenton,Williamstown,Sewell"
"9003979","Island Heights","US","Cherry Hill Pest","ehrcherr_area","ehrcherr_region","366.366.3666","Tom's River,Sicklerville,Marlton,Clementon,Brick,Mount Laurel,Blackwood,Trenton,Williamstown,Sewell"
"9003980","Lakehurst","US","Cherry Hill Pest","ehrcherr_area","ehrcherr_region","366.366.3666","Tom's River,Sicklerville,Marlton,Clementon,Brick,Mount Laurel,Blackwood,Trenton,Williamstown,Sewell"
"9003981","Lanoka Harbor","US","Cherry Hill Pest","ehrcherr_area","ehrcherr_region","366.366.3666","Tom's River,Sicklerville,Marlton,Clementon,Brick,Mount Laurel,Blackwood,Trenton,Williamstown,Sewell"
"9003982","Lavallette","US","Cherry Hill Pest","ehrcherr_area","ehrcherr_region","366.366.3666","Tom's River,Sicklerville,Marlton,Clementon,Brick,Mount Laurel,Blackwood,Trenton,Williamstown,Sewell"
"9003984","Mantoloking","US","Cherry Hill Pest","ehrcherr_area","ehrcherr_region","366.366.3666","Tom's River,Sicklerville,Marlton,Clementon,Brick,Mount Laurel,Blackwood,Trenton,Williamstown,Sewell"
"9003985","Ocean Gate","US","Cherry Hill Pest","ehrcherr_area","ehrcherr_region","366.366.3666","Tom's River,Sicklerville,Marlton,Clementon,Brick,Mount Laurel,Blackwood,Trenton,Williamstown,Sewell"
"9003986","Pine Beach","US","Cherry Hill Pest","ehrcherr_area","ehrcherr_region","366.366.3666","Tom's River,Sicklerville,Marlton,Clementon,Brick,Mount Laurel,Blackwood,Trenton,Williamstown,Sewell"
"9003987","Point Pleasant Beach","US","Cherry Hill Pest","ehrcherr_area","ehrcherr_region","366.366.3666","Tom's River,Sicklerville,Marlton,Clementon,Brick,Mount Laurel,Blackwood,Trenton,Williamstown,Sewell"
"9003989","Seaside Heights","US","Cherry Hill Pest","ehrcherr_area","ehrcherr_region","366.366.3666","Tom's River,Sicklerville,Marlton,Clementon,Brick,Mount Laurel,Blackwood,Trenton,Williamstown,Sewell"
"9003990","Seaside Park","US","Cherry Hill Pest","ehrcherr_area","ehrcherr_region","366.366.3666","Tom's River,Sicklerville,Marlton,Clementon,Brick,Mount Laurel,Blackwood,Trenton,Williamstown,Sewell"
"9003991","Toms River","US","Cherry Hill Pest","ehrcherr_area","ehrcherr_region","366.366.3666","Tom's River,Sicklerville,Marlton,Clementon,Brick,Mount Laurel,Blackwood,Trenton,Williamstown,Sewell"
"9003992","Toms River","US","Cherry Hill Pest","ehrcherr_area","ehrcherr_region","366.366.3666","Tom's River,Sicklerville,Marlton,Clementon,Brick,Mount Laurel,Blackwood,Trenton,Williamstown,Sewell"
"9003993","Toms River","US","Cherry Hill Pest","ehrcherr_area","ehrcherr_region","366.366.3666","Tom's River,Sicklerville,Marlton,Clementon,Brick,Mount Laurel,Blackwood,Trenton,Williamstown,Sewell"
"9003994","Waretown","US","Cherry Hill Pest","ehrcherr_area","ehrcherr_region","366.366.3666","Tom's River,Sicklerville,Marlton,Clementon,Brick,Mount Laurel,Blackwood,Trenton,Williamstown,Sewell"
"9003995","Manchester Township","US","Cherry Hill Pest","ehrcherr_area","ehrcherr_region","366.366.3666","Tom's River,Sicklerville,Marlton,Clementon,Brick,Mount Laurel,Blackwood,Trenton,Williamstown,Sewell"
"9003996","Annandale","US","Flemington Pest","ehrflem_area","ehrflem_region","322.322.3222","Princeton,Hillsborough,Bridgewater,Lawrence Township,Flemington,Hackettstown,Basking Ridge,Somerville,Budd Lake,Washington"
"9003997","Asbury","US","Flemington Pest","ehrflem_area","ehrflem_region","322.322.3222","Princeton,Hillsborough,Bridgewater,Lawrence Township,Flemington,Hackettstown,Basking Ridge,Somerville,Budd Lake,Washington"
"9003998","Bloomsbury","US","Flemington Pest","ehrflem_area","ehrflem_region","322.322.3222","Princeton,Hillsborough,Bridgewater,Lawrence Township,Flemington,Hackettstown,Basking Ridge,Somerville,Budd Lake,Washington"
"9003999","Bound Brook","US","Flemington Pest","ehrflem_area","ehrflem_region","322.322.3222","Princeton,Hillsborough,Bridgewater,Lawrence Township,Flemington,Hackettstown,Basking Ridge,Somerville,Budd Lake,Washington"
"9004000","Bridgewater","US","Flemington Pest","ehrflem_area","ehrflem_region","322.322.3222","Princeton,Hillsborough,Bridgewater,Lawrence Township,Flemington,Hackettstown,Basking Ridge,Somerville,Budd Lake,Washington"
"9004002","Clinton","US","Flemington Pest","ehrflem_area","ehrflem_region","322.322.3222","Princeton,Hillsborough,Bridgewater,Lawrence Township,Flemington,Hackettstown,Basking Ridge,Somerville,Budd Lake,Washington"
"9004008","Flagtown","US","Flemington Pest","ehrflem_area","ehrflem_region","322.322.3222","Princeton,Hillsborough,Bridgewater,Lawrence Township,Flemington,Hackettstown,Basking Ridge,Somerville,Budd Lake,Washington"
"9004009","Flemington","US","Flemington Pest","ehrflem_area","ehrflem_region","322.322.3222","Princeton,Hillsborough,Bridgewater,Lawrence Township,Flemington,Hackettstown,Basking Ridge,Somerville,Budd Lake,Washington"
"9004012","Frenchtown","US","Flemington Pest","ehrflem_area","ehrflem_region","322.322.3222","Princeton,Hillsborough,Bridgewater,Lawrence Township,Flemington,Hackettstown,Basking Ridge,Somerville,Budd Lake,Washington"
"9004013","Glen Gardner","US","Flemington Pest","ehrflem_area","ehrflem_region","322.322.3222","Princeton,Hillsborough,Bridgewater,Lawrence Township,Flemington,Hackettstown,Basking Ridge,Somerville,Budd Lake,Washington"
"9004014","Hampton","US","Flemington Pest","ehrflem_area","ehrflem_region","322.322.3222","Princeton,Hillsborough,Bridgewater,Lawrence Township,Flemington,Hackettstown,Basking Ridge,Somerville,Budd Lake,Washington"
"9004016","High Bridge","US","Flemington Pest","ehrflem_area","ehrflem_region","322.322.3222","Princeton,Hillsborough,Bridgewater,Lawrence Township,Flemington,Hackettstown,Basking Ridge,Somerville,Budd Lake,Washington"
"9004020","Lebanon","US","Flemington Pest","ehrflem_area","ehrflem_region","322.322.3222","Princeton,Hillsborough,Bridgewater,Lawrence Township,Flemington,Hackettstown,Basking Ridge,Somerville,Budd Lake,Washington"
"9004021","Manville","US","Flemington Pest","ehrflem_area","ehrflem_region","322.322.3222","Princeton,Hillsborough,Bridgewater,Lawrence Township,Flemington,Hackettstown,Basking Ridge,Somerville,Budd Lake,Washington"
"9004025","Hillsborough","US","Flemington Pest","ehrflem_area","ehrflem_region","322.322.3222","Princeton,Hillsborough,Bridgewater,Lawrence Township,Flemington,Hackettstown,Basking Ridge,Somerville,Budd Lake,Washington"
"9004027","Milford","US","Flemington Pest","ehrflem_area","ehrflem_region","322.322.3222","Princeton,Hillsborough,Bridgewater,Lawrence Township,Flemington,Hackettstown,Basking Ridge,Somerville,Budd Lake,Washington"
"9004030","Neshanic Station","US","Flemington Pest","ehrflem_area","ehrflem_region","322.322.3222","Princeton,Hillsborough,Bridgewater,Lawrence Township,Flemington,Hackettstown,Basking Ridge,Somerville,Budd Lake,Washington"
"9004038","Pittstown","US","Flemington Pest","ehrflem_area","ehrflem_region","322.322.3222","Princeton,Hillsborough,Bridgewater,Lawrence Township,Flemington,Hackettstown,Basking Ridge,Somerville,Budd Lake,Washington"
"9004039","Raritan","US","Flemington Pest","ehrflem_area","ehrflem_region","322.322.3222","Princeton,Hillsborough,Bridgewater,Lawrence Township,Flemington,Hackettstown,Basking Ridge,Somerville,Budd Lake,Washington"
"9004042","Somerville","US","Flemington Pest","ehrflem_area","ehrflem_region","322.322.3222","Princeton,Hillsborough,Bridgewater,Lawrence Township,Flemington,Hackettstown,Basking Ridge,Somerville,Budd Lake,Washington"
"9004047","Stewartsville","US","Flemington Pest","ehrflem_area","ehrflem_region","322.322.3222","Princeton,Hillsborough,Bridgewater,Lawrence Township,Flemington,Hackettstown,Basking Ridge,Somerville,Budd Lake,Washington"
"9004048","Three Bridges","US","Flemington Pest","ehrflem_area","ehrflem_region","322.322.3222","Princeton,Hillsborough,Bridgewater,Lawrence Township,Flemington,Hackettstown,Basking Ridge,Somerville,Budd Lake,Washington"
"9004049","Whitehouse","US","Flemington Pest","ehrflem_area","ehrflem_region","322.322.3222","Princeton,Hillsborough,Bridgewater,Lawrence Township,Flemington,Hackettstown,Basking Ridge,Somerville,Budd Lake,Washington"
"9004050","Whitehouse Station","US","Flemington Pest","ehrflem_area","ehrflem_region","322.322.3222","Princeton,Hillsborough,Bridgewater,Lawrence Township,Flemington,Hackettstown,Basking Ridge,Somerville,Budd Lake,Washington"
"1022008","Atlantic City","US","Vineland Pest","ehrvine_area","ehrvine_region","233.233.2333","Bridgeton,Vineland,Egg Harbor Township,Atlantic City,Millville,Absecon,May's Landing,Manahawkin,Tuckerton,Hammonton"
"1022026","Bellmawr","US","Cherry Hill Pest","ehrcherr_area","ehrcherr_region","366.366.3666","Tom's River,Sicklerville,Marlton,Clementon,Brick,Mount Laurel,Blackwood,Trenton,Williamstown,Sewell"
"1022034","Birmingham","US","Cherry Hill Pest","ehrcherr_area","ehrcherr_region","366.366.3666","Tom's River,Sicklerville,Marlton,Clementon,Brick,Mount Laurel,Blackwood,Trenton,Williamstown,Sewell"
"1022052","Broadway","US","Flemington Pest","ehrflem_area","ehrflem_region","322.322.3222","Princeton,Hillsborough,Bridgewater,Lawrence Township,Flemington,Hackettstown,Basking Ridge,Somerville,Budd Lake,Washington"
"1022061","Camden","US","Cherry Hill Pest","ehrcherr_area","ehrcherr_region","366.366.3666","Tom's River,Sicklerville,Marlton,Clementon,Brick,Mount Laurel,Blackwood,Trenton,Williamstown,Sewell"
"1022219","Liberty Corner","US","Flemington Pest","ehrflem_area","ehrflem_region","322.322.3222","Princeton,Hillsborough,Bridgewater,Lawrence Township,Flemington,Hackettstown,Basking Ridge,Somerville,Budd Lake,Washington"
"1022227","Little York","US","Flemington Pest","ehrflem_area","ehrflem_region","322.322.3222","Princeton,Hillsborough,Bridgewater,Lawrence Township,Flemington,Hackettstown,Basking Ridge,Somerville,Budd Lake,Washington"
"1022320","Oldwick","US","Flemington Pest","ehrflem_area","ehrflem_region","322.322.3222","Princeton,Hillsborough,Bridgewater,Lawrence Township,Flemington,Hackettstown,Basking Ridge,Somerville,Budd Lake,Washington"
"1022351","Pluckemin","US","Flemington Pest","ehrflem_area","ehrflem_region","322.322.3222","Princeton,Hillsborough,Bridgewater,Lawrence Township,Flemington,Hackettstown,Basking Ridge,Somerville,Budd Lake,Washington"
"1022361","Princeton","US","Flemington Pest","ehrflem_area","ehrflem_region","322.322.3222","Princeton,Hillsborough,Bridgewater,Lawrence Township,Flemington,Hackettstown,Basking Ridge,Somerville,Budd Lake,Washington"
"1022363","Quinton","US","Vineland Pest","ehrvine_area","ehrvine_region","233.233.2333","Bridgeton,Vineland,Egg Harbor Township,Atlantic City,Millville,Absecon,May's Landing,Manahawkin,Tuckerton,Hammonton"
"1022381","Riverton","US","Cherry Hill Pest","ehrcherr_area","ehrcherr_region","366.366.3666","Tom's River,Sicklerville,Marlton,Clementon,Brick,Mount Laurel,Blackwood,Trenton,Williamstown,Sewell"
"1022441","Toms River","US","Cherry Hill Pest","ehrcherr_area","ehrcherr_region","366.366.3666","Tom's River,Sicklerville,Marlton,Clementon,Brick,Mount Laurel,Blackwood,Trenton,Williamstown,Sewell"
"1022444","Trenton","US","Cherry Hill Pest","ehrcherr_area","ehrcherr_region","366.366.3666","Tom's River,Sicklerville,Marlton,Clementon,Brick,Mount Laurel,Blackwood,Trenton,Williamstown,Sewell"
"1022454","Vineland","US","Vineland Pest","ehrvine_area","ehrvine_region","233.233.2333","Bridgeton,Vineland,Egg Harbor Township,Atlantic City,Millville,Absecon,May's Landing,Manahawkin,Tuckerton,Hammonton"
"1022482","Windsor","US","Cherry Hill Pest","ehrcherr_area","ehrcherr_region","366.366.3666","Tom's River,Sicklerville,Marlton,Clementon,Brick,Mount Laurel,Blackwood,Trenton,Williamstown,Sewell"
"1022492","Zarephath","US","Flemington Pest","ehrflem_area","ehrflem_region","322.322.3222","Princeton,Hillsborough,Bridgewater,Lawrence Township,Flemington,Hackettstown,Basking Ridge,Somerville,Budd Lake,Washington"
